Intro,Dialog,Intended Dialog
"Here is the context of this interaction:
Scenario: 2 strangers are meeting at a party. They have 1 common friends: Neoma.
Participants: Mia Sanders and Ava Thompson
Mia Sanders's background: Mia Sanders is a 33-year-old female nurse. She/her pronouns. Mia Sanders often brings her son to the hospital. Personality and values description: Mia Sanders, a careful follower of routines, values loyalty and conformity. Her decisions rely heavily on intuition. Mia's secrets: She is a talented painter but never shares her work.
Ava Thompson's background: Ava Thompson is a 28-year-old female architect. She/her pronouns. Ava Thompson has a samoyed. Personality and values description: Ava Thompson, with her outgoing and regulated temperament, is driven by achievement. Her decision-making style is largely intuitive. Ava's secrets: She has a hidden tattoo.
Mia Sanders's goal: You are trying to figure out whether you have a mutual friend with the other person. You should not simply list their names.
 You know the following friends: 
August: School: Saint Vincent College  Time Preference: evening  Location Preference: indoor 
John: School: University of Rhode Island  Time Preference: evening  Location Preference: indoor 
Rebecca: School: State University of New York at Albany  Time Preference: evening  Location Preference: indoor 
Neoma: School: Hofstra University  Time Preference: evening  Location Preference: indoor 
Ronnie: School: National Technological University  Time Preference: evening  Location Preference: indoor 
Suzette: School: Utah Valley State College  Time Preference: evening  Location Preference: indoor 
Penelope: School: Texas A&M University-Corpus Christi  Time Preference: evening  Location Preference: indoor 
Fernando: School: St. John's College-Santa Fe  Time Preference: evening  Location Preference: outdoor 
Velda: School: Rhode Island College  Time Preference: evening  Location Preference: indoor 

Ava Thompson's goal: You are trying to figure out whether you have a mutual friend with the other person. You should not simply list their names.
 You know the following friends: 
Tiffany: School: Saint Vincent College  Time Preference: evening  Location Preference: outdoor 
Lucille: School: Southampton College  Time Preference: evening  Location Preference: indoor 
James: School: University of Wisconsin-River Falls  Time Preference: evening  Location Preference: outdoor 
Quinn: School: Antioch University-Los Angeles  Time Preference: evening  Location Preference: indoor 
Alyssa: School: Davidson College  Time Preference: evening  Location Preference: indoor 
Betty: School: St. John's College-Santa Fe  Time Preference: evening  Location Preference: indoor 
Neoma: School: Hofstra University  Time Preference: evening  Location Preference: indoor 
William: School: State University of New York at Albany  Time Preference: evening  Location Preference: outdoor 
Victoria: School: Montana Tech  Time Preference: evening  Location Preference: indoor 
","[""Turn 0: Mia Sanders said:Hi, I'm Mia. It's"", ""Turn 1: Ava Thompson said:Hi Mia, I'm Ava! Nice"", 'Turn 2: Mia Sanders said:Nice to meet you, Ava! So, how do', 'Turn 3: Ava Thompson said:I actually just moved around here. Did you happen to', ""Turn 4: Mia Sanders said:Oh, welcome! Where did you move from, or did you happen to go to school around here? I'm trying to see if we might know some of the same people."", 'Turn 5: Ava Thompson said:Thanks! I just moved here, but I have a', 'Turn 6: Mia Sanders said:Oh, you have a what? A friend in the area, or maybe someone from college?', 'Turn 7: Ava Thompson said:Yeah, a few friends from college! Did you ever cross paths with anyone who went to Hofstra or SUNY Albany?', ""Turn 8: Mia Sanders said:That's a funny coincidence! I actually know"", 'Turn 9: Ava Thompson said:Oh really? Who do you know from there?', 'Turn 10: Mia Sanders said:I have a good friend named Neoma who went to Hofstra, and another friend, Rebecca, from SUNY Albany. Do either of those names ring a bell?', 'Turn 11: Ava Thompson said:Yes, I actually know Neoma! What a small world! LEAVE']","[""Turn 0: Mia Sanders said:Hi, I'm Mia. It's"", ""Turn 1: Ava Thompson said:Hi Mia, I'm Ava! Nice"", 'Turn 2: Mia Sanders said:Nice to meet you, Ava! So, how do', 'Turn 3: Ava Thompson said:I actually just moved around here. Did you happen to', ""Turn 4: Mia Sanders said:Oh, welcome! Where did you move from, or did you happen to go to school around here? I'm trying to see if we might know some of the same people."", 'Turn 5: Ava Thompson said:Thanks! I just moved here, but I have a', 'Turn 6: Mia Sanders said:Oh, you have a what? A friend in the area, or maybe someone from college?', 'Turn 7: Ava Thompson said:Yeah, a few friends from college! Did you ever cross paths with anyone who went to Hofstra or SUNY Albany?', ""Turn 8: Mia Sanders said:That's a funny coincidence! I actually know"", 'Turn 9: Ava Thompson said:Oh really? Who do you know from there?', 'Turn 10: Mia Sanders said:I have a good friend named Neoma who went to Hofstra, and another friend, Rebecca, from SUNY Albany. Do either of those names ring a bell?', 'Turn 11: Ava Thompson said:Yes, I actually know Neoma! What a small world! LEAVE']"
