checkpoint,cell_id,slice,locus,specificity,dosage,prior,goal_condition,maintain_rate,defer_rate,unsure_rate,prob_truth_mean,prob_other_mean,prob_unsure_mean,count,checkpoint_label
Olmo-3-1125-32B,A_env_behavioral,A,environmental,behavioral,medium,fresh,adversarial,0.59,0.41,0.0,0.03493709,0.01447508,0.00163909,100,Base
Olmo-3-1125-32B,A_env_direct,A,environmental,direct,medium,fresh,adversarial,0.51,0.48,0.0,0.027121529999999998,0.01841858,0.0019606899999999997,100,Base
Olmo-3-1125-32B,A_env_inferential,A,environmental,inferential,medium,fresh,adversarial,0.43,0.57,0.0,0.02249816,0.02110235,0.00391579,100,Base
Olmo-3-1125-32B,A_env_mechanism,A,environmental,mechanism,medium,fresh,adversarial,0.43,0.55,0.0,0.029350610000000003,0.01377045,0.00110389,100,Base
Olmo-3-1125-32B,A_env_statistical,A,environmental,statistical,medium,fresh,adversarial,0.53,0.47,0.0,0.022952910000000003,0.0119549,0.00181504,100,Base
Olmo-3-1125-32B,A_no-cue,A,no-cue,none,none,fresh,adversarial,0.69,0.31,0.0,0.029837,0.00607031,0.00067469,100,Base
Olmo-3-1125-32B,A_skr-cap_behavioral,A,seeker-capacity,behavioral,medium,fresh,adversarial,0.47,0.52,0.0,0.04038695,0.02138919,0.0036015799999999996,100,Base
Olmo-3-1125-32B,A_skr-cap_direct,A,seeker-capacity,direct,medium,fresh,adversarial,0.49,0.5,0.0,0.026546590000000002,0.01316894,0.00105649,100,Base
Olmo-3-1125-32B,A_skr-cap_inferential,A,seeker-capacity,inferential,medium,fresh,adversarial,0.53,0.46,0.0,0.02718017,0.00880843,0.0015872,100,Base
Olmo-3-1125-32B,A_skr-cap_mechanism,A,seeker-capacity,mechanism,medium,fresh,adversarial,0.48,0.51,0.0,0.022375500000000003,0.00920076,0.0018128,100,Base
Olmo-3-1125-32B,A_skr-cap_statistical,A,seeker-capacity,statistical,medium,fresh,adversarial,0.43,0.56,0.0,0.03268501,0.01366453,0.00143869,100,Base
Olmo-3-1125-32B,A_src-cap_behavioral,A,source-capacity,behavioral,medium,fresh,adversarial,0.56,0.43,0.0,0.04017216999999999,0.013691420000000001,0.00251921,100,Base
Olmo-3-1125-32B,A_src-cap_direct,A,source-capacity,direct,medium,fresh,adversarial,0.92,0.07,0.0,0.03238523,0.0049409,0.00069089,100,Base
Olmo-3-1125-32B,A_src-cap_inferential,A,source-capacity,inferential,medium,fresh,adversarial,0.58,0.41,0.0,0.026663199999999998,0.00699067,0.00134406,100,Base
Olmo-3-1125-32B,A_src-cap_mechanism,A,source-capacity,mechanism,medium,fresh,adversarial,0.56,0.43,0.0,0.02823916,0.00754028,0.00130728,100,Base
Olmo-3-1125-32B,A_src-cap_statistical,A,source-capacity,statistical,medium,fresh,adversarial,0.6,0.4,0.0,0.03804077,0.00740767,0.0008859699999999999,100,Base
Olmo-3-1125-32B,A_src-mot_behavioral,A,source-motivation,behavioral,medium,fresh,adversarial,0.84,0.16,0.0,0.03962407,0.006228320000000001,0.0011033800000000002,100,Base
Olmo-3-1125-32B,A_src-mot_direct,A,source-motivation,direct,medium,fresh,adversarial,1.0,0.0,0.0,0.03964845,0.00363078,0.00038615000000000003,100,Base
Olmo-3-1125-32B,A_src-mot_inferential,A,source-motivation,inferential,medium,fresh,adversarial,0.46,0.54,0.0,0.0225513,0.012151,0.00098617,100,Base
Olmo-3-1125-32B,A_src-mot_mechanism,A,source-motivation,mechanism,medium,fresh,adversarial,0.92,0.08,0.0,0.030283169999999998,0.0049701699999999994,0.00053905,100,Base
Olmo-3-1125-32B,A_src-mot_statistical,A,source-motivation,statistical,medium,fresh,adversarial,0.89,0.1,0.0,0.039342049999999996,0.00450187,0.00088102,100,Base
Olmo-3-1125-32B,B_env_none,B,environmental,inferential,medium,none,adversarial,0.09,0.46,0.45,0.011870430000000001,0.014703059999999999,0.01686399,100,Base
Olmo-3-1125-32B,B_env_stale-qual,B,environmental,inferential,medium,stale-quality,adversarial,0.57,0.43,0.0,0.025394879999999998,0.01958864,0.00652359,100,Base
Olmo-3-1125-32B,B_env_stale-time,B,environmental,inferential,medium,stale-time,adversarial,0.51,0.49,0.0,0.026321419999999998,0.020945429999999998,0.00705178,100,Base
Olmo-3-1125-32B,B_no-cue_none,B,no-cue,none,none,none,adversarial,0.22,0.64,0.14,0.00746662,0.01181549,0.00760575,100,Base
Olmo-3-1125-32B,B_no-cue_stale-qual,B,no-cue,none,none,stale-quality,adversarial,0.57,0.43,0.0,0.02414181,0.01037293,0.0027501500000000003,100,Base
Olmo-3-1125-32B,B_no-cue_stale-time,B,no-cue,none,none,stale-time,adversarial,0.49,0.51,0.0,0.024519950000000002,0.01072024,0.00065622,100,Base
Olmo-3-1125-32B,B_skr-cap_none,B,seeker-capacity,inferential,medium,none,adversarial,0.38,0.52,0.1,0.011252709999999999,0.014170819999999999,0.0098668,100,Base
Olmo-3-1125-32B,B_skr-cap_stale-qual,B,seeker-capacity,inferential,medium,stale-quality,adversarial,0.48,0.51,0.0,0.02168061,0.01005281,0.00229273,100,Base
Olmo-3-1125-32B,B_skr-cap_stale-time,B,seeker-capacity,inferential,medium,stale-time,adversarial,0.55,0.44,0.0,0.02933169,0.01010382,0.0014622699999999999,100,Base
Olmo-3-1125-32B,B_src-cap_none,B,source-capacity,inferential,medium,none,adversarial,0.37,0.61,0.02,0.0111996,0.01575318,0.01483703,100,Base
Olmo-3-1125-32B,B_src-cap_stale-qual,B,source-capacity,inferential,medium,stale-quality,adversarial,0.59,0.41,0.0,0.03224304,0.01104339,0.00231637,100,Base
Olmo-3-1125-32B,B_src-cap_stale-time,B,source-capacity,inferential,medium,stale-time,adversarial,0.59,0.41,0.0,0.032853400000000005,0.00921494,0.0012665699999999998,100,Base
Olmo-3-1125-32B,B_src-mot_none,B,source-motivation,inferential,medium,none,adversarial,0.53,0.47,0.0,0.014370399999999998,0.0180435,0.00896729,100,Base
Olmo-3-1125-32B,B_src-mot_stale-qual,B,source-motivation,inferential,medium,stale-quality,adversarial,0.49,0.51,0.0,0.02246337,0.016886,0.00200556,100,Base
Olmo-3-1125-32B,B_src-mot_stale-time,B,source-motivation,inferential,medium,stale-time,adversarial,0.44,0.56,0.0,0.021855190000000004,0.01893522,0.0010140499999999998,100,Base
Olmo-3-1125-32B,C_env_stat_strong,C,environmental,statistical,strong,fresh,adversarial,0.53,0.47,0.0,0.026566779999999998,0.013302290000000001,0.0019121,100,Base
Olmo-3-1125-32B,C_env_stat_weak,C,environmental,statistical,weak,fresh,adversarial,0.38,0.62,0.0,0.02137577,0.012947450000000001,0.00170072,100,Base
Olmo-3-1125-32B,C_skr-cap_stat_strong,C,seeker-capacity,statistical,strong,fresh,adversarial,0.46,0.54,0.0,0.03181365,0.01487336,0.00212547,100,Base
Olmo-3-1125-32B,C_skr-cap_stat_weak,C,seeker-capacity,statistical,weak,fresh,adversarial,0.5,0.5,0.0,0.03525385,0.012029119999999999,0.00121939,100,Base
Olmo-3-1125-32B,C_src-cap_stat_strong,C,source-capacity,statistical,strong,fresh,adversarial,0.91,0.06,0.0,0.04206361,0.00459839,0.00092298,100,Base
Olmo-3-1125-32B,C_src-cap_stat_weak,C,source-capacity,statistical,weak,fresh,adversarial,0.54,0.45,0.0,0.03850402,0.00985989,0.0008606099999999999,100,Base
Olmo-3-1125-32B,C_src-mot_stat_strong,C,source-motivation,statistical,strong,fresh,adversarial,0.92,0.08,0.0,0.04405461,0.00399863,0.0009053700000000001,100,Base
Olmo-3-1125-32B,C_src-mot_stat_weak,C,source-motivation,statistical,weak,fresh,adversarial,0.87,0.12,0.0,0.04422851,0.005225649999999999,0.0008864400000000001,100,Base
Olmo-3-1125-32B,D_cooperate_fresh,D,no-cue,none,none,fresh,cooperate,1.0,0.0,0.0,0.02817686,0.0017353099999999999,0.00025883,100,Base
Olmo-3-1125-32B,D_cooperate_none,D,no-cue,none,none,none,cooperate,0.58,0.26,0.16,0.011861330000000002,0.00756185,0.007873409999999999,100,Base
Olmo-3-1125-32B,D_cooperate_stale-qual,D,no-cue,none,none,stale-quality,cooperate,0.99,0.01,0.0,0.02968384,0.0034930699999999996,0.00151622,100,Base
Olmo-3-1125-32B,D_cooperate_stale-time,D,no-cue,none,none,stale-time,cooperate,1.0,0.0,0.0,0.028903210000000002,0.00217564,0.00024502,100,Base
Olmo-3.1-32B-Instruct,A_env_behavioral,A,environmental,behavioral,medium,fresh,adversarial,0.86,0.14,0.0,0.16721011,0.02861796,0.0029233,100,Instruct
Olmo-3.1-32B-Instruct,A_env_direct,A,environmental,direct,medium,fresh,adversarial,0.41,0.59,0.0,0.05408233,0.0927777,0.0031871399999999998,100,Instruct
Olmo-3.1-32B-Instruct,A_env_inferential,A,environmental,inferential,medium,fresh,adversarial,0.35,0.65,0.0,0.049451539999999995,0.0938409,0.00472509,100,Instruct
Olmo-3.1-32B-Instruct,A_env_mechanism,A,environmental,mechanism,medium,fresh,adversarial,0.81,0.19,0.0,0.17561070999999998,0.05745889,0.00084993,100,Instruct
Olmo-3.1-32B-Instruct,A_env_statistical,A,environmental,statistical,medium,fresh,adversarial,0.89,0.11,0.0,0.14894772,0.04560009,0.0047309,100,Instruct
Olmo-3.1-32B-Instruct,A_no-cue,A,no-cue,none,none,fresh,adversarial,0.97,0.03,0.0,0.19633547,0.00705001,0.00012579,100,Instruct
Olmo-3.1-32B-Instruct,A_skr-cap_behavioral,A,seeker-capacity,behavioral,medium,fresh,adversarial,0.92,0.08,0.0,0.11307066,0.01756503,0.0031492300000000003,100,Instruct
Olmo-3.1-32B-Instruct,A_skr-cap_direct,A,seeker-capacity,direct,medium,fresh,adversarial,0.97,0.03,0.0,0.15050232,0.01906478,0.00101205,100,Instruct
Olmo-3.1-32B-Instruct,A_skr-cap_inferential,A,seeker-capacity,inferential,medium,fresh,adversarial,0.99,0.01,0.0,0.12660338,0.00921407,0.0008575099999999999,100,Instruct
Olmo-3.1-32B-Instruct,A_skr-cap_mechanism,A,seeker-capacity,mechanism,medium,fresh,adversarial,0.99,0.01,0.0,0.04609282000000001,0.00639598,0.00019631,100,Instruct
Olmo-3.1-32B-Instruct,A_skr-cap_statistical,A,seeker-capacity,statistical,medium,fresh,adversarial,0.94,0.06,0.0,0.15234493999999998,0.041648750000000005,0.0015964400000000002,100,Instruct
Olmo-3.1-32B-Instruct,A_src-cap_behavioral,A,source-capacity,behavioral,medium,fresh,adversarial,0.89,0.11,0.0,0.07787901,0.01161154,0.00221401,100,Instruct
Olmo-3.1-32B-Instruct,A_src-cap_direct,A,source-capacity,direct,medium,fresh,adversarial,1.0,0.0,0.0,0.22775454,7.67e-05,8.98e-06,100,Instruct
Olmo-3.1-32B-Instruct,A_src-cap_inferential,A,source-capacity,inferential,medium,fresh,adversarial,0.99,0.01,0.0,0.12034421999999999,0.00699303,0.00018894000000000002,100,Instruct
Olmo-3.1-32B-Instruct,A_src-cap_mechanism,A,source-capacity,mechanism,medium,fresh,adversarial,0.98,0.02,0.0,0.13306215,0.0109348,0.00027199,100,Instruct
Olmo-3.1-32B-Instruct,A_src-cap_statistical,A,source-capacity,statistical,medium,fresh,adversarial,1.0,0.0,0.0,0.08672786,0.00044782000000000003,6.699000000000001e-05,100,Instruct
Olmo-3.1-32B-Instruct,A_src-mot_behavioral,A,source-motivation,behavioral,medium,fresh,adversarial,0.99,0.01,0.0,0.06627923,0.00425679,0.0011565899999999999,100,Instruct
Olmo-3.1-32B-Instruct,A_src-mot_direct,A,source-motivation,direct,medium,fresh,adversarial,1.0,0.0,0.0,0.37586424,1.407e-05,2.72e-06,100,Instruct
Olmo-3.1-32B-Instruct,A_src-mot_inferential,A,source-motivation,inferential,medium,fresh,adversarial,0.55,0.45,0.0,0.056420620000000005,0.0587649,0.00064083,100,Instruct
Olmo-3.1-32B-Instruct,A_src-mot_mechanism,A,source-motivation,mechanism,medium,fresh,adversarial,1.0,0.0,0.0,0.31709717000000004,0.00186842,7.574e-05,100,Instruct
Olmo-3.1-32B-Instruct,A_src-mot_statistical,A,source-motivation,statistical,medium,fresh,adversarial,1.0,0.0,0.0,0.09177576,0.00026265,6.647e-05,100,Instruct
Olmo-3.1-32B-Instruct,B_env_none,B,environmental,inferential,medium,none,adversarial,0.04,0.81,0.14,0.0031618,0.04380852,0.009290650000000001,100,Instruct
Olmo-3.1-32B-Instruct,B_env_stale-qual,B,environmental,inferential,medium,stale-quality,adversarial,0.48,0.51,0.01,0.04133403,0.06640731999999999,0.016652979999999998,100,Instruct
Olmo-3.1-32B-Instruct,B_env_stale-time,B,environmental,inferential,medium,stale-time,adversarial,0.63,0.37,0.0,0.04752668,0.03559245,0.00919538,100,Instruct
Olmo-3.1-32B-Instruct,B_no-cue_none,B,no-cue,none,none,none,adversarial,0.02,0.94,0.04,0.0013522400000000002,0.05117089,0.00235073,100,Instruct
Olmo-3.1-32B-Instruct,B_no-cue_stale-qual,B,no-cue,none,none,stale-quality,adversarial,0.89,0.11,0.0,0.05756286,0.01076996,0.0015874399999999999,100,Instruct
Olmo-3.1-32B-Instruct,B_no-cue_stale-time,B,no-cue,none,none,stale-time,adversarial,0.97,0.03,0.0,0.10763521000000001,0.0063865499999999995,0.00045867,100,Instruct
Olmo-3.1-32B-Instruct,B_skr-cap_none,B,seeker-capacity,inferential,medium,none,adversarial,0.11,0.75,0.12,0.0038653900000000002,0.03750216,0.00496011,100,Instruct
Olmo-3.1-32B-Instruct,B_skr-cap_stale-qual,B,seeker-capacity,inferential,medium,stale-quality,adversarial,0.84,0.16,0.0,0.06908017,0.01586723,0.0033354699999999997,100,Instruct
Olmo-3.1-32B-Instruct,B_skr-cap_stale-time,B,seeker-capacity,inferential,medium,stale-time,adversarial,1.0,0.0,0.0,0.10685061,0.0050014099999999995,0.00147196,100,Instruct
Olmo-3.1-32B-Instruct,B_src-cap_none,B,source-capacity,inferential,medium,none,adversarial,0.06,0.87,0.05,0.00597434,0.07574652999999999,0.0113501,100,Instruct
Olmo-3.1-32B-Instruct,B_src-cap_stale-qual,B,source-capacity,inferential,medium,stale-quality,adversarial,0.97,0.03,0.0,0.06741572,0.013796550000000001,0.0031438900000000003,100,Instruct
Olmo-3.1-32B-Instruct,B_src-cap_stale-time,B,source-capacity,inferential,medium,stale-time,adversarial,0.98,0.02,0.0,0.06958890000000001,0.005021210000000001,0.00078271,100,Instruct
Olmo-3.1-32B-Instruct,B_src-mot_none,B,source-motivation,inferential,medium,none,adversarial,0.0,0.99,0.01,0.0029152099999999997,0.09952420999999999,0.00611497,100,Instruct
Olmo-3.1-32B-Instruct,B_src-mot_stale-qual,B,source-motivation,inferential,medium,stale-quality,adversarial,0.47,0.53,0.0,0.026847799999999998,0.0384735,0.0017450599999999999,100,Instruct
Olmo-3.1-32B-Instruct,B_src-mot_stale-time,B,source-motivation,inferential,medium,stale-time,adversarial,0.39,0.61,0.0,0.0273585,0.052457460000000004,0.0008288600000000001,100,Instruct
Olmo-3.1-32B-Instruct,C_env_stat_strong,C,environmental,statistical,strong,fresh,adversarial,0.86,0.14,0.0,0.20426393999999998,0.05816742,0.00442948,100,Instruct
Olmo-3.1-32B-Instruct,C_env_stat_weak,C,environmental,statistical,weak,fresh,adversarial,0.93,0.07,0.0,0.16804816,0.04068305,0.00224268,100,Instruct
Olmo-3.1-32B-Instruct,C_skr-cap_stat_strong,C,seeker-capacity,statistical,strong,fresh,adversarial,0.68,0.31,0.0,0.12206236000000001,0.06401358,0.00366087,100,Instruct
Olmo-3.1-32B-Instruct,C_skr-cap_stat_weak,C,seeker-capacity,statistical,weak,fresh,adversarial,0.94,0.06,0.0,0.21048099,0.037724669999999995,0.00047245,100,Instruct
Olmo-3.1-32B-Instruct,C_src-cap_stat_strong,C,source-capacity,statistical,strong,fresh,adversarial,1.0,0.0,0.0,0.1194266,7.241e-05,2.361e-05,100,Instruct
Olmo-3.1-32B-Instruct,C_src-cap_stat_weak,C,source-capacity,statistical,weak,fresh,adversarial,0.98,0.02,0.0,0.09069097,0.006649469999999999,0.00011695999999999999,100,Instruct
Olmo-3.1-32B-Instruct,C_src-mot_stat_strong,C,source-motivation,statistical,strong,fresh,adversarial,1.0,0.0,0.0,0.11212173,0.00020049,4.9e-05,100,Instruct
Olmo-3.1-32B-Instruct,C_src-mot_stat_weak,C,source-motivation,statistical,weak,fresh,adversarial,1.0,0.0,0.0,0.13018067,0.00083868,0.00011043000000000001,100,Instruct
Olmo-3.1-32B-Instruct,D_cooperate_fresh,D,no-cue,none,none,fresh,cooperate,0.99,0.0,0.0,0.26807133,1.1230000000000001e-05,2.26e-06,100,Instruct
Olmo-3.1-32B-Instruct,D_cooperate_none,D,no-cue,none,none,none,cooperate,0.97,0.0,0.03,0.045412850000000005,0.00188889,0.00275244,100,Instruct
Olmo-3.1-32B-Instruct,D_cooperate_stale-qual,D,no-cue,none,none,stale-quality,cooperate,1.0,0.0,0.0,0.11390991,0.00022931,0.00015139,100,Instruct
Olmo-3.1-32B-Instruct,D_cooperate_stale-time,D,no-cue,none,none,stale-time,cooperate,1.0,0.0,0.0,0.19770876,2.438e-05,1.1429999999999999e-05,100,Instruct
Olmo-3.1-32B-Instruct-DPO,A_env_behavioral,A,environmental,behavioral,medium,fresh,adversarial,0.88,0.11,0.0,0.14950194,0.03041918,0.0031764799999999998,100,DPO
Olmo-3.1-32B-Instruct-DPO,A_env_direct,A,environmental,direct,medium,fresh,adversarial,0.5,0.5,0.0,0.06646043,0.09355195,0.00425592,100,DPO
Olmo-3.1-32B-Instruct-DPO,A_env_inferential,A,environmental,inferential,medium,fresh,adversarial,0.4,0.6,0.0,0.05561894,0.09396115999999999,0.005604759999999999,100,DPO
Olmo-3.1-32B-Instruct-DPO,A_env_mechanism,A,environmental,mechanism,medium,fresh,adversarial,0.86,0.14,0.0,0.17335574,0.056132980000000006,0.00099368,100,DPO
Olmo-3.1-32B-Instruct-DPO,A_env_statistical,A,environmental,statistical,medium,fresh,adversarial,0.83,0.17,0.0,0.14898928,0.053013149999999995,0.0057003,100,DPO
Olmo-3.1-32B-Instruct-DPO,A_no-cue,A,no-cue,none,none,fresh,adversarial,0.98,0.02,0.0,0.19932675,0.00824807,0.00016785000000000001,100,DPO
Olmo-3.1-32B-Instruct-DPO,A_skr-cap_behavioral,A,seeker-capacity,behavioral,medium,fresh,adversarial,0.95,0.05,0.0,0.09910403000000001,0.019376459999999998,0.00383998,100,DPO
Olmo-3.1-32B-Instruct-DPO,A_skr-cap_direct,A,seeker-capacity,direct,medium,fresh,adversarial,0.97,0.02,0.0,0.13956663,0.02161821,0.0014676700000000001,100,DPO
Olmo-3.1-32B-Instruct-DPO,A_skr-cap_inferential,A,seeker-capacity,inferential,medium,fresh,adversarial,0.99,0.01,0.0,0.14824952,0.01364256,0.0013694,100,DPO
Olmo-3.1-32B-Instruct-DPO,A_skr-cap_mechanism,A,seeker-capacity,mechanism,medium,fresh,adversarial,0.99,0.01,0.0,0.05580686,0.00838067,0.00038039,100,DPO
Olmo-3.1-32B-Instruct-DPO,A_skr-cap_statistical,A,seeker-capacity,statistical,medium,fresh,adversarial,0.88,0.12,0.0,0.13884522,0.048879580000000006,0.0018914300000000002,100,DPO
Olmo-3.1-32B-Instruct-DPO,A_src-cap_behavioral,A,source-capacity,behavioral,medium,fresh,adversarial,0.94,0.06,0.0,0.07287237,0.01383684,0.0026260100000000002,100,DPO
Olmo-3.1-32B-Instruct-DPO,A_src-cap_direct,A,source-capacity,direct,medium,fresh,adversarial,1.0,0.0,0.0,0.19663882000000002,0.00010041,1.625e-05,100,DPO
Olmo-3.1-32B-Instruct-DPO,A_src-cap_inferential,A,source-capacity,inferential,medium,fresh,adversarial,1.0,0.0,0.0,0.14557375,0.00859367,0.00031072,100,DPO
Olmo-3.1-32B-Instruct-DPO,A_src-cap_mechanism,A,source-capacity,mechanism,medium,fresh,adversarial,0.99,0.01,0.0,0.13273377,0.01119472,0.00042073,100,DPO
Olmo-3.1-32B-Instruct-DPO,A_src-cap_statistical,A,source-capacity,statistical,medium,fresh,adversarial,0.99,0.0,0.0,0.09266846,0.0008385199999999999,0.00010691,100,DPO
Olmo-3.1-32B-Instruct-DPO,A_src-mot_behavioral,A,source-motivation,behavioral,medium,fresh,adversarial,1.0,0.0,0.0,0.09045038999999999,0.00614295,0.0018299100000000001,100,DPO
Olmo-3.1-32B-Instruct-DPO,A_src-mot_direct,A,source-motivation,direct,medium,fresh,adversarial,1.0,0.0,0.0,0.30764527,3.141e-05,4.63e-06,100,DPO
Olmo-3.1-32B-Instruct-DPO,A_src-mot_inferential,A,source-motivation,inferential,medium,fresh,adversarial,0.59,0.41,0.0,0.07147251,0.06779896,0.00077801,100,DPO
Olmo-3.1-32B-Instruct-DPO,A_src-mot_mechanism,A,source-motivation,mechanism,medium,fresh,adversarial,1.0,0.0,0.0,0.24296879000000002,0.00196408,6.89e-05,100,DPO
Olmo-3.1-32B-Instruct-DPO,A_src-mot_statistical,A,source-motivation,statistical,medium,fresh,adversarial,1.0,0.0,0.0,0.08000555999999999,0.00042109,8.262e-05,100,DPO
Olmo-3.1-32B-Instruct-DPO,B_env_none,B,environmental,inferential,medium,none,adversarial,0.08,0.67,0.25,0.005814059999999999,0.042703809999999995,0.01320228,100,DPO
Olmo-3.1-32B-Instruct-DPO,B_env_stale-qual,B,environmental,inferential,medium,stale-quality,adversarial,0.53,0.46,0.01,0.0482765,0.06815851,0.02031356,100,DPO
Olmo-3.1-32B-Instruct-DPO,B_env_stale-time,B,environmental,inferential,medium,stale-time,adversarial,0.63,0.37,0.0,0.053146820000000004,0.03948071,0.012795,100,DPO
Olmo-3.1-32B-Instruct-DPO,B_no-cue_none,B,no-cue,none,none,none,adversarial,0.03,0.91,0.06,0.00274938,0.04963502,0.00395477,100,DPO
Olmo-3.1-32B-Instruct-DPO,B_no-cue_stale-qual,B,no-cue,none,none,stale-quality,adversarial,0.81,0.19,0.0,0.06634704,0.015068630000000001,0.0026210499999999998,100,DPO
Olmo-3.1-32B-Instruct-DPO,B_no-cue_stale-time,B,no-cue,none,none,stale-time,adversarial,0.97,0.03,0.0,0.11342321,0.008419069999999999,0.00059809,100,DPO
Olmo-3.1-32B-Instruct-DPO,B_skr-cap_none,B,seeker-capacity,inferential,medium,none,adversarial,0.2,0.61,0.17,0.00700017,0.037104319999999996,0.0078783,100,DPO
Olmo-3.1-32B-Instruct-DPO,B_skr-cap_stale-qual,B,seeker-capacity,inferential,medium,stale-quality,adversarial,0.78,0.22,0.0,0.08298403,0.02406753,0.00599861,100,DPO
Olmo-3.1-32B-Instruct-DPO,B_skr-cap_stale-time,B,seeker-capacity,inferential,medium,stale-time,adversarial,0.99,0.01,0.0,0.13177123999999998,0.00728823,0.0025369900000000003,100,DPO
Olmo-3.1-32B-Instruct-DPO,B_src-cap_none,B,source-capacity,inferential,medium,none,adversarial,0.14,0.77,0.07,0.01052086,0.07193342999999999,0.014667190000000002,100,DPO
Olmo-3.1-32B-Instruct-DPO,B_src-cap_stale-qual,B,source-capacity,inferential,medium,stale-quality,adversarial,0.97,0.03,0.0,0.07857301,0.01931741,0.00496567,100,DPO
Olmo-3.1-32B-Instruct-DPO,B_src-cap_stale-time,B,source-capacity,inferential,medium,stale-time,adversarial,0.98,0.02,0.0,0.08362122,0.00723985,0.00114371,100,DPO
Olmo-3.1-32B-Instruct-DPO,B_src-mot_none,B,source-motivation,inferential,medium,none,adversarial,0.03,0.95,0.02,0.005311430000000001,0.07862944,0.00842008,100,DPO
Olmo-3.1-32B-Instruct-DPO,B_src-mot_stale-qual,B,source-motivation,inferential,medium,stale-quality,adversarial,0.5,0.5,0.0,0.03931458,0.05102234,0.00269156,100,DPO
Olmo-3.1-32B-Instruct-DPO,B_src-mot_stale-time,B,source-motivation,inferential,medium,stale-time,adversarial,0.46,0.54,0.0,0.034577949999999996,0.05675031,0.0010775,100,DPO
Olmo-3.1-32B-Instruct-DPO,C_env_stat_strong,C,environmental,statistical,strong,fresh,adversarial,0.78,0.22,0.0,0.19940427,0.061970489999999996,0.0048613400000000005,100,DPO
Olmo-3.1-32B-Instruct-DPO,C_env_stat_weak,C,environmental,statistical,weak,fresh,adversarial,0.88,0.12,0.0,0.16429322,0.046983899999999995,0.00272031,100,DPO
Olmo-3.1-32B-Instruct-DPO,C_skr-cap_stat_strong,C,seeker-capacity,statistical,strong,fresh,adversarial,0.65,0.34,0.0,0.11937621999999999,0.07051053,0.0043973400000000004,100,DPO
Olmo-3.1-32B-Instruct-DPO,C_skr-cap_stat_weak,C,seeker-capacity,statistical,weak,fresh,adversarial,0.93,0.06,0.0,0.18266601999999998,0.042792079999999996,0.00054008,100,DPO
Olmo-3.1-32B-Instruct-DPO,C_src-cap_stat_strong,C,source-capacity,statistical,strong,fresh,adversarial,1.0,0.0,0.0,0.11638184000000001,0.00014253,3.699e-05,100,DPO
Olmo-3.1-32B-Instruct-DPO,C_src-cap_stat_weak,C,source-capacity,statistical,weak,fresh,adversarial,0.99,0.01,0.0,0.09924925,0.00968796,0.00017559999999999999,100,DPO
Olmo-3.1-32B-Instruct-DPO,C_src-mot_stat_strong,C,source-motivation,statistical,strong,fresh,adversarial,1.0,0.0,0.0,0.09209414,0.00031068,6.171e-05,100,DPO
Olmo-3.1-32B-Instruct-DPO,C_src-mot_stat_weak,C,source-motivation,statistical,weak,fresh,adversarial,1.0,0.0,0.0,0.11103637000000001,0.00119162,0.00014153,100,DPO
Olmo-3.1-32B-Instruct-DPO,D_cooperate_fresh,D,no-cue,none,none,fresh,cooperate,0.99,0.0,0.0,0.26255375999999997,4.0340000000000003e-05,7.190000000000001e-06,100,DPO
Olmo-3.1-32B-Instruct-DPO,D_cooperate_none,D,no-cue,none,none,none,cooperate,0.91,0.02,0.07,0.04404718,0.0035545700000000004,0.0044453,100,DPO
Olmo-3.1-32B-Instruct-DPO,D_cooperate_stale-qual,D,no-cue,none,none,stale-quality,cooperate,1.0,0.0,0.0,0.11295285999999999,0.00072735,0.00044072,100,DPO
Olmo-3.1-32B-Instruct-DPO,D_cooperate_stale-time,D,no-cue,none,none,stale-time,cooperate,0.99,0.0,0.0,0.17154789,7.575e-05,2.554e-05,100,DPO
Olmo-3.1-32B-Instruct-SFT,A_env_behavioral,A,environmental,behavioral,medium,fresh,adversarial,0.82,0.17,0.0,0.05761225,0.018839889999999998,0.0034466400000000004,100,SFT
Olmo-3.1-32B-Instruct-SFT,A_env_direct,A,environmental,direct,medium,fresh,adversarial,0.43,0.57,0.0,0.04954833,0.055809300000000006,0.00557186,100,SFT
Olmo-3.1-32B-Instruct-SFT,A_env_inferential,A,environmental,inferential,medium,fresh,adversarial,0.39,0.61,0.0,0.03576476,0.04342161,0.00462127,100,SFT
Olmo-3.1-32B-Instruct-SFT,A_env_mechanism,A,environmental,mechanism,medium,fresh,adversarial,0.82,0.18,0.0,0.05258755,0.02546969,0.0015777,100,SFT
Olmo-3.1-32B-Instruct-SFT,A_env_statistical,A,environmental,statistical,medium,fresh,adversarial,0.86,0.12,0.0,0.07683961,0.0357492,0.0048027799999999995,100,SFT
Olmo-3.1-32B-Instruct-SFT,A_no-cue,A,no-cue,none,none,fresh,adversarial,0.96,0.04,0.0,0.04023405,0.00698635,0.00044008,100,SFT
Olmo-3.1-32B-Instruct-SFT,A_skr-cap_behavioral,A,seeker-capacity,behavioral,medium,fresh,adversarial,0.87,0.13,0.0,0.02768677,0.011383240000000001,0.00293716,100,SFT
Olmo-3.1-32B-Instruct-SFT,A_skr-cap_direct,A,seeker-capacity,direct,medium,fresh,adversarial,0.95,0.05,0.0,0.04623137,0.01563696,0.00148026,100,SFT
Olmo-3.1-32B-Instruct-SFT,A_skr-cap_inferential,A,seeker-capacity,inferential,medium,fresh,adversarial,0.95,0.05,0.0,0.045352180000000006,0.01050613,0.00181311,100,SFT
Olmo-3.1-32B-Instruct-SFT,A_skr-cap_mechanism,A,seeker-capacity,mechanism,medium,fresh,adversarial,0.92,0.08,0.0,0.02343659,0.008171850000000001,0.00058053,100,SFT
Olmo-3.1-32B-Instruct-SFT,A_skr-cap_statistical,A,seeker-capacity,statistical,medium,fresh,adversarial,0.95,0.05,0.0,0.05001339,0.02311525,0.00216445,100,SFT
Olmo-3.1-32B-Instruct-SFT,A_src-cap_behavioral,A,source-capacity,behavioral,medium,fresh,adversarial,0.82,0.18,0.0,0.02418959,0.00977047,0.00218089,100,SFT
Olmo-3.1-32B-Instruct-SFT,A_src-cap_direct,A,source-capacity,direct,medium,fresh,adversarial,0.99,0.0,0.0,0.06033877000000001,0.00133784,0.00023708,100,SFT
Olmo-3.1-32B-Instruct-SFT,A_src-cap_inferential,A,source-capacity,inferential,medium,fresh,adversarial,0.87,0.11,0.0,0.047256770000000003,0.010299419999999998,0.00084384,100,SFT
Olmo-3.1-32B-Instruct-SFT,A_src-cap_mechanism,A,source-capacity,mechanism,medium,fresh,adversarial,0.95,0.05,0.0,0.043445460000000005,0.01039534,0.00087072,100,SFT
Olmo-3.1-32B-Instruct-SFT,A_src-cap_statistical,A,source-capacity,statistical,medium,fresh,adversarial,0.99,0.0,0.0,0.05028322,0.0036431799999999998,0.00079012,100,SFT
Olmo-3.1-32B-Instruct-SFT,A_src-mot_behavioral,A,source-motivation,behavioral,medium,fresh,adversarial,0.97,0.03,0.0,0.03608276,0.0063912199999999995,0.00247232,100,SFT
Olmo-3.1-32B-Instruct-SFT,A_src-mot_direct,A,source-motivation,direct,medium,fresh,adversarial,1.0,0.0,0.0,0.07547061000000001,0.00042879,4.548e-05,100,SFT
Olmo-3.1-32B-Instruct-SFT,A_src-mot_inferential,A,source-motivation,inferential,medium,fresh,adversarial,0.5,0.5,0.0,0.02175954,0.02327243,0.00108137,100,SFT
Olmo-3.1-32B-Instruct-SFT,A_src-mot_mechanism,A,source-motivation,mechanism,medium,fresh,adversarial,1.0,0.0,0.0,0.06026307,0.0031413800000000005,0.00036106,100,SFT
Olmo-3.1-32B-Instruct-SFT,A_src-mot_statistical,A,source-motivation,statistical,medium,fresh,adversarial,1.0,0.0,0.0,0.03665831,0.00244783,0.00050502,100,SFT
Olmo-3.1-32B-Instruct-SFT,B_env_none,B,environmental,inferential,medium,none,adversarial,0.05,0.93,0.02,0.00949363,0.03891817,0.00648898,100,SFT
Olmo-3.1-32B-Instruct-SFT,B_env_stale-qual,B,environmental,inferential,medium,stale-quality,adversarial,0.47,0.53,0.0,0.03912235,0.0459021,0.012087730000000001,100,SFT
Olmo-3.1-32B-Instruct-SFT,B_env_stale-time,B,environmental,inferential,medium,stale-time,adversarial,0.69,0.31,0.0,0.043236,0.02667845,0.008292270000000001,100,SFT
Olmo-3.1-32B-Instruct-SFT,B_no-cue_none,B,no-cue,none,none,none,adversarial,0.0,0.99,0.01,0.0030506300000000004,0.0337061,0.00237774,100,SFT
Olmo-3.1-32B-Instruct-SFT,B_no-cue_stale-qual,B,no-cue,none,none,stale-quality,adversarial,0.92,0.08,0.0,0.02899415,0.012684439999999998,0.00221054,100,SFT
Olmo-3.1-32B-Instruct-SFT,B_no-cue_stale-time,B,no-cue,none,none,stale-time,adversarial,0.97,0.03,0.0,0.030034969999999998,0.00587454,0.00077818,100,SFT
Olmo-3.1-32B-Instruct-SFT,B_skr-cap_none,B,seeker-capacity,inferential,medium,none,adversarial,0.12,0.88,0.0,0.0074868,0.030575869999999998,0.0047025,100,SFT
Olmo-3.1-32B-Instruct-SFT,B_skr-cap_stale-qual,B,seeker-capacity,inferential,medium,stale-quality,adversarial,0.85,0.15,0.0,0.03775697,0.01829559,0.00453193,100,SFT
Olmo-3.1-32B-Instruct-SFT,B_skr-cap_stale-time,B,seeker-capacity,inferential,medium,stale-time,adversarial,0.99,0.01,0.0,0.044728380000000005,0.00841221,0.00271647,100,SFT
Olmo-3.1-32B-Instruct-SFT,B_src-cap_none,B,source-capacity,inferential,medium,none,adversarial,0.05,0.93,0.0,0.01099234,0.04945862,0.00960306,100,SFT
Olmo-3.1-32B-Instruct-SFT,B_src-cap_stale-qual,B,source-capacity,inferential,medium,stale-quality,adversarial,0.87,0.13,0.0,0.038444769999999996,0.021551969999999997,0.00492249,100,SFT
Olmo-3.1-32B-Instruct-SFT,B_src-cap_stale-time,B,source-capacity,inferential,medium,stale-time,adversarial,0.96,0.04,0.0,0.03548165,0.00808827,0.00190745,100,SFT
Olmo-3.1-32B-Instruct-SFT,B_src-mot_none,B,source-motivation,inferential,medium,none,adversarial,0.01,0.99,0.0,0.0053587899999999996,0.0426172,0.00453308,100,SFT
Olmo-3.1-32B-Instruct-SFT,B_src-mot_stale-qual,B,source-motivation,inferential,medium,stale-quality,adversarial,0.49,0.51,0.0,0.01930144,0.02356449,0.00240507,100,SFT
Olmo-3.1-32B-Instruct-SFT,B_src-mot_stale-time,B,source-motivation,inferential,medium,stale-time,adversarial,0.44,0.56,0.0,0.01565199,0.020465079999999997,0.00123452,100,SFT
Olmo-3.1-32B-Instruct-SFT,C_env_stat_strong,C,environmental,statistical,strong,fresh,adversarial,0.86,0.12,0.0,0.07984374,0.03494687,0.00382397,100,SFT
Olmo-3.1-32B-Instruct-SFT,C_env_stat_weak,C,environmental,statistical,weak,fresh,adversarial,0.93,0.05,0.0,0.08010011,0.0285353,0.00299309,100,SFT
Olmo-3.1-32B-Instruct-SFT,C_skr-cap_stat_strong,C,seeker-capacity,statistical,strong,fresh,adversarial,0.69,0.31,0.0,0.03703128,0.02474668,0.00333601,100,SFT
Olmo-3.1-32B-Instruct-SFT,C_skr-cap_stat_weak,C,seeker-capacity,statistical,weak,fresh,adversarial,0.95,0.05,0.0,0.05420842000000001,0.01984928,0.00090822,100,SFT
Olmo-3.1-32B-Instruct-SFT,C_src-cap_stat_strong,C,source-capacity,statistical,strong,fresh,adversarial,0.99,0.0,0.0,0.056586920000000006,0.0015238299999999999,0.00050924,100,SFT
Olmo-3.1-32B-Instruct-SFT,C_src-cap_stat_weak,C,source-capacity,statistical,weak,fresh,adversarial,0.95,0.04,0.0,0.043871440000000005,0.01228141,0.00072442,100,SFT
Olmo-3.1-32B-Instruct-SFT,C_src-mot_stat_strong,C,source-motivation,statistical,strong,fresh,adversarial,0.99,0.0,0.0,0.04057925,0.00203812,0.00043671000000000004,100,SFT
Olmo-3.1-32B-Instruct-SFT,C_src-mot_stat_weak,C,source-motivation,statistical,weak,fresh,adversarial,1.0,0.0,0.0,0.03649658,0.0041412,0.00059212,100,SFT
Olmo-3.1-32B-Instruct-SFT,D_cooperate_fresh,D,no-cue,none,none,fresh,cooperate,1.0,0.0,0.0,0.05823975,0.00024839,4.934e-05,100,SFT
Olmo-3.1-32B-Instruct-SFT,D_cooperate_none,D,no-cue,none,none,none,cooperate,0.99,0.0,0.01,0.03225714,0.0034135,0.00220116,100,SFT
Olmo-3.1-32B-Instruct-SFT,D_cooperate_stale-qual,D,no-cue,none,none,stale-quality,cooperate,1.0,0.0,0.0,0.039873660000000005,0.0016680500000000001,0.000578,100,SFT
Olmo-3.1-32B-Instruct-SFT,D_cooperate_stale-time,D,no-cue,none,none,stale-time,cooperate,0.99,0.0,0.0,0.03993588,0.00031745000000000005,0.00010781000000000001,100,SFT
