model,scenario_idx,n_turns,agreement_type,score_a,score_b,joint_score,parse_failure,implicit_agreement,inconsistent_allocation,zero_value_hoarding,prompt_leakage,repetitive_loop,max_turns_hit,single_word_turns,parenthetical_aside,no_proposal,ultimatum,agent_parroting,meta_commentary,value_revelation,exceeds_available,tier1_count,tier2_count,tier3_count,any_quality_issue,measurement_suspect
DeepSeek-R1-Distill-Llama-8B,0,16,disagreement,0.0,0.0,0.0,0,0,0,0,0,1,1,0,0,0,0,0,0,0,0,0,2,0,1,0
DeepSeek-R1-Distill-Llama-8B,10,16,disagreement,0.0,0.0,0.0,0,0,0,0,0,1,1,0,0,0,0,0,0,0,0,0,2,0,1,0
DeepSeek-R1-Distill-Llama-8B,11,16,disagreement,0.0,0.0,0.0,0,0,0,0,0,1,1,0,0,0,0,1,0,0,0,0,3,0,1,0
DeepSeek-R1-Distill-Llama-8B,12,16,disagreement,0.0,0.0,0.0,0,0,0,0,0,1,1,0,0,0,0,1,0,0,0,0,3,0,1,0
DeepSeek-R1-Distill-Llama-8B,13,16,disagreement,0.0,0.0,0.0,0,0,0,0,0,1,1,0,0,0,0,1,0,0,0,0,3,0,1,0
DeepSeek-R1-Distill-Llama-8B,14,16,disagreement,0.0,0.0,0.0,0,0,0,0,1,1,1,0,0,0,0,1,0,0,0,0,4,0,1,0
DeepSeek-R1-Distill-Llama-8B,15,16,disagreement,0.0,0.0,0.0,0,0,0,0,1,1,1,0,0,0,0,1,0,0,0,0,4,0,1,0
DeepSeek-R1-Distill-Llama-8B,16,16,disagreement,0.0,0.0,0.0,0,0,0,0,0,1,1,0,0,0,0,0,0,0,0,0,2,0,1,0
DeepSeek-R1-Distill-Llama-8B,17,16,disagreement,0.0,0.0,0.0,0,0,0,0,0,1,1,0,0,0,0,1,0,0,0,0,3,0,1,0
DeepSeek-R1-Distill-Llama-8B,18,16,disagreement,0.0,0.0,0.0,0,0,0,0,0,1,1,0,0,0,0,1,0,0,0,0,3,0,1,0
DeepSeek-R1-Distill-Llama-8B,19,16,disagreement,0.0,0.0,0.0,0,0,0,0,0,1,1,0,0,0,0,1,0,0,0,0,3,0,1,0
DeepSeek-R1-Distill-Llama-8B,1,16,disagreement,0.0,0.0,0.0,0,0,0,0,0,1,1,0,0,0,0,0,0,0,0,0,2,0,1,0
DeepSeek-R1-Distill-Llama-8B,20,16,disagreement,0.0,0.0,0.0,0,0,0,0,0,1,1,0,0,0,0,1,0,0,0,0,3,0,1,0
DeepSeek-R1-Distill-Llama-8B,21,16,disagreement,0.0,0.0,0.0,0,0,0,0,0,1,1,0,0,0,0,1,0,0,0,0,3,0,1,0
DeepSeek-R1-Distill-Llama-8B,22,16,disagreement,0.0,0.0,0.0,0,0,0,0,1,0,1,0,0,0,0,0,0,0,0,0,2,0,1,0
DeepSeek-R1-Distill-Llama-8B,23,16,implicit,7,6,13,0,1,0,1,0,0,1,0,0,0,0,1,0,0,0,2,2,0,1,1
DeepSeek-R1-Distill-Llama-8B,24,16,disagreement,0.0,0.0,0.0,0,0,0,0,0,1,1,0,0,0,0,1,0,0,0,0,3,0,1,0
DeepSeek-R1-Distill-Llama-8B,25,16,disagreement,0.0,0.0,0.0,0,0,0,0,1,1,1,0,0,0,0,0,0,0,0,0,3,0,1,0
DeepSeek-R1-Distill-Llama-8B,26,16,disagreement,0.0,0.0,0.0,0,0,0,0,0,1,1,0,0,0,0,1,0,0,0,0,3,0,1,0
DeepSeek-R1-Distill-Llama-8B,27,16,disagreement,0.0,0.0,0.0,0,0,0,0,1,1,1,0,0,0,0,1,0,0,0,0,4,0,1,0
DeepSeek-R1-Distill-Llama-8B,28,16,implicit,10,6,16,0,1,0,0,0,1,1,0,0,0,0,1,0,0,0,1,3,0,1,1
DeepSeek-R1-Distill-Llama-8B,29,16,implicit,6,10,16,0,1,0,0,0,1,1,0,0,0,0,0,0,0,0,1,2,0,1,1
DeepSeek-R1-Distill-Llama-8B,2,16,disagreement,0.0,0.0,0.0,0,0,0,0,0,1,1,0,0,0,0,0,0,0,0,0,2,0,1,0
DeepSeek-R1-Distill-Llama-8B,30,16,disagreement,0.0,0.0,0.0,0,0,0,0,0,1,1,0,0,0,0,1,0,0,0,0,3,0,1,0
DeepSeek-R1-Distill-Llama-8B,31,16,implicit,10,8,18,0,1,0,0,0,1,1,0,0,0,0,1,0,0,0,1,3,0,1,1
DeepSeek-R1-Distill-Llama-8B,32,16,implicit,6,10,16,0,1,0,1,0,1,1,0,0,0,0,0,0,0,0,2,2,0,1,1
DeepSeek-R1-Distill-Llama-8B,33,16,implicit,10,8,18,0,1,0,0,0,1,1,0,0,0,0,0,0,0,0,1,2,0,1,1
DeepSeek-R1-Distill-Llama-8B,34,16,implicit,10,3,13,0,1,0,0,0,1,1,0,0,0,0,1,0,0,0,1,3,0,1,1
DeepSeek-R1-Distill-Llama-8B,35,16,implicit,4,8,12,0,1,0,1,0,1,1,0,0,0,0,0,0,0,0,2,2,0,1,1
DeepSeek-R1-Distill-Llama-8B,36,16,disagreement,0.0,0.0,0.0,0,0,0,0,0,1,1,0,0,0,0,1,0,0,0,0,3,0,1,0
DeepSeek-R1-Distill-Llama-8B,37,16,disagreement,0.0,0.0,0.0,0,0,0,0,0,1,1,0,0,0,0,0,0,0,0,0,2,0,1,0
DeepSeek-R1-Distill-Llama-8B,38,16,implicit,7,9,16,0,1,0,0,0,1,1,0,0,0,0,0,0,0,0,1,2,0,1,1
DeepSeek-R1-Distill-Llama-8B,39,16,implicit,9,7,16,0,1,0,0,0,1,1,0,0,0,0,1,0,0,0,1,3,0,1,1
DeepSeek-R1-Distill-Llama-8B,3,16,disagreement,0.0,0.0,0.0,0,0,0,0,0,1,1,0,0,0,0,0,0,0,0,0,2,0,1,0
DeepSeek-R1-Distill-Llama-8B,40,16,disagreement,0.0,0.0,0.0,0,0,0,0,0,1,1,0,0,0,0,1,0,0,0,0,3,0,1,0
DeepSeek-R1-Distill-Llama-8B,41,16,disagreement,0.0,0.0,0.0,0,0,0,0,0,1,1,0,0,0,0,1,0,0,0,0,3,0,1,0
DeepSeek-R1-Distill-Llama-8B,42,16,implicit,4,9,13,0,1,0,1,0,1,1,0,0,0,0,1,0,0,0,2,3,0,1,1
DeepSeek-R1-Distill-Llama-8B,43,16,implicit,10,8,18,0,1,0,0,1,1,1,0,0,0,0,1,0,0,0,1,4,0,1,1
DeepSeek-R1-Distill-Llama-8B,44,16,disagreement,0.0,0.0,0.0,0,0,0,0,0,1,1,0,0,0,0,0,0,0,0,0,2,0,1,0
DeepSeek-R1-Distill-Llama-8B,45,16,disagreement,0.0,0.0,0.0,0,0,0,0,0,1,1,0,0,0,0,0,0,0,0,0,2,0,1,0
DeepSeek-R1-Distill-Llama-8B,46,16,implicit,5,9,14,0,1,0,0,0,1,1,0,0,0,0,0,0,0,0,1,2,0,1,1
DeepSeek-R1-Distill-Llama-8B,47,16,implicit,9,9,18,0,1,0,0,0,1,1,0,0,0,0,0,0,0,0,1,2,0,1,1
DeepSeek-R1-Distill-Llama-8B,48,16,implicit,7,9,16,0,1,0,1,0,1,1,0,0,0,0,1,0,0,0,2,3,0,1,1
DeepSeek-R1-Distill-Llama-8B,49,16,disagreement,0.0,0.0,0.0,0,0,0,0,0,1,1,0,0,0,0,0,0,0,0,0,2,0,1,0
DeepSeek-R1-Distill-Llama-8B,4,16,implicit,6,9,15,0,1,0,1,0,1,1,0,0,0,0,0,0,0,0,2,2,0,1,1
DeepSeek-R1-Distill-Llama-8B,50,16,disagreement,0.0,0.0,0.0,0,0,0,0,0,1,1,0,0,0,0,0,0,0,0,0,2,0,1,0
DeepSeek-R1-Distill-Llama-8B,51,16,implicit,9,6,15,0,1,0,1,0,1,1,0,0,0,0,0,0,0,0,2,2,0,1,1
DeepSeek-R1-Distill-Llama-8B,52,16,disagreement,0.0,0.0,0.0,0,0,0,0,0,1,1,0,0,0,0,1,0,0,0,0,3,0,1,0
DeepSeek-R1-Distill-Llama-8B,53,16,implicit,10,8,18,0,1,0,0,0,1,1,0,0,0,0,0,0,0,0,1,2,0,1,1
DeepSeek-R1-Distill-Llama-8B,54,16,disagreement,0.0,0.0,0.0,0,0,0,0,0,1,1,0,0,0,0,1,0,0,0,0,3,0,1,0
DeepSeek-R1-Distill-Llama-8B,55,16,disagreement,0.0,0.0,0.0,0,0,0,0,0,1,1,0,0,0,0,1,0,0,0,0,3,0,1,0
DeepSeek-R1-Distill-Llama-8B,56,16,implicit,2,8,10,0,1,0,0,0,1,1,0,0,0,0,1,0,0,0,1,3,0,1,1
DeepSeek-R1-Distill-Llama-8B,57,16,disagreement,0.0,0.0,0.0,0,0,0,0,1,1,1,0,0,0,0,1,0,0,0,0,4,0,1,0
DeepSeek-R1-Distill-Llama-8B,58,16,implicit,4,8,12,0,1,0,1,0,1,1,0,0,0,0,0,0,0,0,2,2,0,1,1
DeepSeek-R1-Distill-Llama-8B,59,16,disagreement,0.0,0.0,0.0,0,0,0,0,0,1,1,0,0,0,0,0,0,0,0,0,2,0,1,0
DeepSeek-R1-Distill-Llama-8B,5,16,disagreement,0.0,0.0,0.0,0,0,0,0,0,1,1,0,0,0,0,1,0,0,0,0,3,0,1,0
DeepSeek-R1-Distill-Llama-8B,60,16,disagreement,0.0,0.0,0.0,0,0,0,0,0,1,1,0,0,0,0,1,0,0,0,0,3,0,1,0
DeepSeek-R1-Distill-Llama-8B,61,16,disagreement,0.0,0.0,0.0,0,0,0,0,0,1,1,0,0,0,0,0,0,0,0,0,2,0,1,0
DeepSeek-R1-Distill-Llama-8B,62,16,disagreement,0.0,0.0,0.0,0,0,0,0,1,1,1,0,0,0,0,0,0,0,0,0,3,0,1,0
DeepSeek-R1-Distill-Llama-8B,63,16,disagreement,0.0,0.0,0.0,0,0,0,0,1,1,1,0,0,0,0,1,0,0,0,0,4,0,1,0
DeepSeek-R1-Distill-Llama-8B,64,16,disagreement,0.0,0.0,0.0,0,0,0,0,0,1,1,0,0,0,0,1,0,0,0,0,3,0,1,0
DeepSeek-R1-Distill-Llama-8B,65,16,implicit,10,8,18,0,1,0,0,0,1,1,0,0,0,0,1,0,0,0,1,3,0,1,1
DeepSeek-R1-Distill-Llama-8B,66,16,disagreement,0.0,0.0,0.0,0,0,0,0,0,1,1,0,0,0,0,0,0,0,0,0,2,0,1,0
DeepSeek-R1-Distill-Llama-8B,67,16,implicit,6,10,16,0,1,0,0,0,1,1,0,0,0,0,0,0,0,0,1,2,0,1,1
DeepSeek-R1-Distill-Llama-8B,68,16,disagreement,0.0,0.0,0.0,0,0,0,0,0,1,1,0,0,0,0,1,0,0,0,0,3,0,1,0
DeepSeek-R1-Distill-Llama-8B,69,16,disagreement,0.0,0.0,0.0,0,0,0,0,1,1,1,0,0,0,0,0,0,0,0,0,3,0,1,0
DeepSeek-R1-Distill-Llama-8B,6,16,implicit,7,4,11,0,1,0,0,1,1,1,0,0,0,0,0,0,0,0,1,3,0,1,1
DeepSeek-R1-Distill-Llama-8B,70,16,disagreement,0.0,0.0,0.0,0,0,0,0,0,1,1,0,0,0,0,0,0,0,0,0,2,0,1,0
DeepSeek-R1-Distill-Llama-8B,71,16,disagreement,0.0,0.0,0.0,0,0,0,0,0,1,1,0,0,0,0,0,0,0,0,0,2,0,1,0
DeepSeek-R1-Distill-Llama-8B,72,16,disagreement,0.0,0.0,0.0,0,0,0,0,0,1,1,0,0,0,0,1,0,0,0,0,3,0,1,0
DeepSeek-R1-Distill-Llama-8B,73,16,disagreement,0.0,0.0,0.0,0,0,0,0,1,1,1,0,0,0,0,0,0,0,0,0,3,0,1,0
DeepSeek-R1-Distill-Llama-8B,74,16,disagreement,0.0,0.0,0.0,0,0,0,0,1,1,1,0,0,0,0,0,0,0,0,0,3,0,1,0
DeepSeek-R1-Distill-Llama-8B,75,16,implicit,3,10,13,0,1,0,0,0,1,1,0,0,0,0,0,0,0,0,1,2,0,1,1
DeepSeek-R1-Distill-Llama-8B,76,16,disagreement,0.0,0.0,0.0,0,0,0,0,0,1,1,0,0,0,0,0,0,0,0,0,2,0,1,0
DeepSeek-R1-Distill-Llama-8B,77,16,disagreement,0.0,0.0,0.0,0,0,0,0,1,1,1,0,0,0,0,0,0,0,0,0,3,0,1,0
DeepSeek-R1-Distill-Llama-8B,78,16,disagreement,0.0,0.0,0.0,0,0,0,0,0,1,1,0,0,0,0,0,0,0,0,0,2,0,1,0
DeepSeek-R1-Distill-Llama-8B,79,16,implicit,4,10,14,0,1,0,0,0,1,1,0,0,0,0,1,0,0,0,1,3,0,1,1
DeepSeek-R1-Distill-Llama-8B,7,16,implicit,9,4,13,0,1,0,0,0,1,1,0,0,0,0,0,0,0,0,1,2,0,1,1
DeepSeek-R1-Distill-Llama-8B,80,16,disagreement,0.0,0.0,0.0,0,0,0,0,0,1,1,0,0,0,0,1,0,0,0,0,3,0,1,0
DeepSeek-R1-Distill-Llama-8B,81,16,disagreement,0.0,0.0,0.0,0,0,0,0,0,1,1,0,0,0,0,0,0,0,0,0,2,0,1,0
DeepSeek-R1-Distill-Llama-8B,82,16,disagreement,0.0,0.0,0.0,0,0,0,0,1,1,1,0,0,0,0,0,0,0,0,0,3,0,1,0
DeepSeek-R1-Distill-Llama-8B,83,16,disagreement,0.0,0.0,0.0,0,0,0,0,0,1,1,0,0,0,0,1,0,0,0,0,3,0,1,0
DeepSeek-R1-Distill-Llama-8B,84,16,disagreement,0.0,0.0,0.0,0,0,0,0,1,1,1,0,0,0,0,0,0,0,0,0,3,0,1,0
DeepSeek-R1-Distill-Llama-8B,85,16,disagreement,0.0,0.0,0.0,0,0,0,0,0,1,1,0,0,0,0,1,0,0,0,0,3,0,1,0
DeepSeek-R1-Distill-Llama-8B,86,16,disagreement,0.0,0.0,0.0,0,0,0,0,1,1,1,0,0,0,0,1,0,0,0,0,4,0,1,0
DeepSeek-R1-Distill-Llama-8B,87,16,disagreement,0.0,0.0,0.0,0,0,0,0,1,1,1,0,0,0,0,1,0,0,0,0,4,0,1,0
DeepSeek-R1-Distill-Llama-8B,88,16,disagreement,0.0,0.0,0.0,0,0,0,0,0,1,1,0,0,0,0,1,0,0,0,0,3,0,1,0
DeepSeek-R1-Distill-Llama-8B,89,16,disagreement,0.0,0.0,0.0,0,0,0,0,0,1,1,0,0,0,0,0,0,1,0,0,2,1,1,0
DeepSeek-R1-Distill-Llama-8B,8,16,implicit,8,6,14,0,1,0,0,0,1,1,0,0,0,0,0,0,0,0,1,2,0,1,1
DeepSeek-R1-Distill-Llama-8B,90,16,disagreement,0.0,0.0,0.0,0,0,0,0,0,0,1,0,0,0,0,0,0,0,0,0,1,0,1,0
DeepSeek-R1-Distill-Llama-8B,91,16,disagreement,0.0,0.0,0.0,0,0,0,0,0,1,1,0,0,0,0,1,0,0,0,0,3,0,1,0
DeepSeek-R1-Distill-Llama-8B,92,16,disagreement,0.0,0.0,0.0,0,0,0,0,0,1,1,0,0,0,0,1,0,0,0,0,3,0,1,0
DeepSeek-R1-Distill-Llama-8B,93,16,disagreement,0.0,0.0,0.0,0,0,0,0,0,1,1,0,0,0,0,1,0,0,0,0,3,0,1,0
DeepSeek-R1-Distill-Llama-8B,94,16,implicit,9,6,15,0,1,0,0,0,1,1,0,0,0,0,1,0,0,0,1,3,0,1,1
DeepSeek-R1-Distill-Llama-8B,95,16,disagreement,0.0,0.0,0.0,0,0,0,0,1,1,1,0,0,0,0,1,0,0,0,0,4,0,1,0
DeepSeek-R1-Distill-Llama-8B,96,16,disagreement,0.0,0.0,0.0,0,0,0,0,0,1,1,0,0,0,0,0,0,0,0,0,2,0,1,0
DeepSeek-R1-Distill-Llama-8B,97,16,disagreement,0.0,0.0,0.0,0,0,0,0,0,1,1,0,0,0,0,1,0,0,0,0,3,0,1,0
DeepSeek-R1-Distill-Llama-8B,98,16,disagreement,0.0,0.0,0.0,0,0,0,0,1,1,1,0,0,0,0,0,0,0,0,0,3,0,1,0
DeepSeek-R1-Distill-Llama-8B,99,16,disagreement,0.0,0.0,0.0,0,0,0,0,0,1,1,0,0,0,0,1,0,0,0,0,3,0,1,0
DeepSeek-R1-Distill-Llama-8B,9,16,disagreement,0.0,0.0,0.0,0,0,0,0,0,1,1,0,0,0,0,0,0,0,0,0,2,0,1,0
Meta-Llama-3-8B-Instruct,0,16,disagreement,0.0,0.0,0.0,0,0,0,0,0,1,1,0,0,0,0,1,0,0,0,0,3,0,1,0
Meta-Llama-3-8B-Instruct,10,16,disagreement,0.0,0.0,0.0,0,0,0,0,0,1,1,0,0,0,0,1,0,0,0,0,3,0,1,0
Meta-Llama-3-8B-Instruct,11,16,disagreement,0.0,0.0,0.0,0,0,0,0,0,1,1,0,0,0,0,1,0,0,0,0,3,0,1,0
Meta-Llama-3-8B-Instruct,12,16,disagreement,0.0,0.0,0.0,0,0,0,0,0,1,1,0,0,0,0,1,0,0,0,0,3,0,1,0
Meta-Llama-3-8B-Instruct,13,16,disagreement,0.0,0.0,0.0,0,0,0,0,0,1,1,0,0,0,0,1,0,0,0,0,3,0,1,0
Meta-Llama-3-8B-Instruct,14,16,disagreement,0.0,0.0,0.0,0,0,0,0,0,1,1,0,0,0,0,1,0,0,0,0,3,0,1,0
Meta-Llama-3-8B-Instruct,15,16,disagreement,0.0,0.0,0.0,0,0,0,0,0,1,1,0,0,0,0,1,0,0,0,0,3,0,1,0
Meta-Llama-3-8B-Instruct,16,16,disagreement,0.0,0.0,0.0,0,0,0,0,0,1,1,0,0,0,0,1,0,0,0,0,3,0,1,0
Meta-Llama-3-8B-Instruct,17,16,disagreement,0.0,0.0,0.0,0,0,0,0,0,1,1,0,0,0,0,1,0,0,0,0,3,0,1,0
Meta-Llama-3-8B-Instruct,18,16,disagreement,0.0,0.0,0.0,0,0,0,0,0,1,1,0,0,0,0,1,0,0,0,0,3,0,1,0
Meta-Llama-3-8B-Instruct,19,16,disagreement,0.0,0.0,0.0,0,0,0,0,0,1,1,0,0,0,0,1,0,0,0,0,3,0,1,0
Meta-Llama-3-8B-Instruct,1,16,disagreement,0.0,0.0,0.0,0,0,0,0,0,1,1,0,0,0,0,1,0,0,0,0,3,0,1,0
Meta-Llama-3-8B-Instruct,20,16,disagreement,0.0,0.0,0.0,0,0,0,0,0,1,1,0,0,0,0,1,0,0,0,0,3,0,1,0
Meta-Llama-3-8B-Instruct,21,16,disagreement,0.0,0.0,0.0,0,0,0,0,0,1,1,0,0,0,0,1,0,0,0,0,3,0,1,0
Meta-Llama-3-8B-Instruct,22,16,disagreement,0.0,0.0,0.0,0,0,0,0,0,1,1,0,0,0,0,0,0,1,0,0,2,1,1,0
Meta-Llama-3-8B-Instruct,23,16,disagreement,0.0,0.0,0.0,0,0,0,0,0,1,1,0,0,0,0,1,0,0,0,0,3,0,1,0
Meta-Llama-3-8B-Instruct,24,16,disagreement,0.0,0.0,0.0,0,0,0,0,0,1,1,0,0,0,0,1,0,0,0,0,3,0,1,0
Meta-Llama-3-8B-Instruct,25,16,disagreement,0.0,0.0,0.0,0,0,0,0,0,1,1,0,0,0,0,1,0,0,0,0,3,0,1,0
Meta-Llama-3-8B-Instruct,26,16,disagreement,0.0,0.0,0.0,0,0,0,0,0,1,1,0,0,0,0,1,0,0,0,0,3,0,1,0
Meta-Llama-3-8B-Instruct,27,16,disagreement,0.0,0.0,0.0,0,0,0,0,0,1,1,0,0,0,0,1,0,0,0,0,3,0,1,0
Meta-Llama-3-8B-Instruct,28,16,disagreement,0.0,0.0,0.0,0,0,0,0,0,1,1,0,0,0,0,1,0,0,0,0,3,0,1,0
Meta-Llama-3-8B-Instruct,29,16,disagreement,0.0,0.0,0.0,0,0,0,0,0,1,1,0,0,0,0,1,0,0,0,0,3,0,1,0
Meta-Llama-3-8B-Instruct,2,16,disagreement,0.0,0.0,0.0,0,0,0,0,0,1,1,0,0,0,0,1,0,0,0,0,3,0,1,0
Meta-Llama-3-8B-Instruct,30,16,disagreement,0.0,0.0,0.0,0,0,0,0,0,1,1,0,0,0,0,1,0,0,0,0,3,0,1,0
Meta-Llama-3-8B-Instruct,31,16,disagreement,0.0,0.0,0.0,0,0,0,0,0,1,1,0,0,0,0,1,0,0,0,0,3,0,1,0
Meta-Llama-3-8B-Instruct,32,16,disagreement,0.0,0.0,0.0,0,0,0,0,0,1,1,0,0,0,0,1,0,0,0,0,3,0,1,0
Meta-Llama-3-8B-Instruct,33,16,disagreement,0.0,0.0,0.0,0,0,0,0,0,1,1,0,0,0,0,1,0,0,0,0,3,0,1,0
Meta-Llama-3-8B-Instruct,34,16,disagreement,0.0,0.0,0.0,0,0,0,0,0,1,1,0,0,0,0,1,0,0,0,0,3,0,1,0
Meta-Llama-3-8B-Instruct,35,16,disagreement,0.0,0.0,0.0,0,0,0,0,0,1,1,0,0,0,0,1,0,0,0,0,3,0,1,0
Meta-Llama-3-8B-Instruct,36,16,implicit,3,7,10,0,1,0,0,0,1,1,0,0,0,0,1,0,0,0,1,3,0,1,1
Meta-Llama-3-8B-Instruct,37,16,disagreement,0.0,0.0,0.0,0,0,0,0,0,1,1,0,0,0,0,1,0,1,0,0,3,1,1,0
Meta-Llama-3-8B-Instruct,38,16,disagreement,0.0,0.0,0.0,0,0,0,0,0,1,1,0,0,0,0,1,0,0,0,0,3,0,1,0
Meta-Llama-3-8B-Instruct,39,16,disagreement,0.0,0.0,0.0,0,0,0,0,0,1,1,0,0,0,0,1,0,0,0,0,3,0,1,0
Meta-Llama-3-8B-Instruct,3,16,disagreement,0.0,0.0,0.0,0,0,0,0,0,1,1,0,0,0,0,1,0,0,0,0,3,0,1,0
Meta-Llama-3-8B-Instruct,40,16,disagreement,0.0,0.0,0.0,0,0,0,0,0,1,1,0,0,0,0,1,0,0,0,0,3,0,1,0
Meta-Llama-3-8B-Instruct,41,16,disagreement,0.0,0.0,0.0,0,0,0,0,0,1,1,0,0,0,0,1,0,0,0,0,3,0,1,0
Meta-Llama-3-8B-Instruct,42,16,disagreement,0.0,0.0,0.0,0,0,0,0,0,1,1,0,0,0,0,1,0,0,0,0,3,0,1,0
Meta-Llama-3-8B-Instruct,43,16,disagreement,0.0,0.0,0.0,0,0,0,0,0,1,1,0,0,0,0,1,0,0,0,0,3,0,1,0
Meta-Llama-3-8B-Instruct,44,16,disagreement,0.0,0.0,0.0,0,0,0,0,0,1,1,0,0,0,0,1,0,0,0,0,3,0,1,0
Meta-Llama-3-8B-Instruct,45,16,disagreement,0.0,0.0,0.0,0,0,0,0,0,1,1,0,0,0,0,1,0,0,0,0,3,0,1,0
Meta-Llama-3-8B-Instruct,46,16,disagreement,0.0,0.0,0.0,0,0,0,0,0,1,1,0,0,0,0,1,0,0,0,0,3,0,1,0
Meta-Llama-3-8B-Instruct,47,16,disagreement,0.0,0.0,0.0,0,0,0,0,0,1,1,0,0,0,0,1,0,0,0,0,3,0,1,0
Meta-Llama-3-8B-Instruct,48,16,disagreement,0.0,0.0,0.0,0,0,0,0,0,1,1,0,0,0,0,1,0,0,0,0,3,0,1,0
Meta-Llama-3-8B-Instruct,49,16,disagreement,0.0,0.0,0.0,0,0,0,0,0,1,1,0,0,0,0,1,0,0,0,0,3,0,1,0
Meta-Llama-3-8B-Instruct,4,16,disagreement,0.0,0.0,0.0,0,0,0,0,0,1,1,0,0,0,0,1,0,0,0,0,3,0,1,0
Meta-Llama-3-8B-Instruct,50,16,disagreement,0.0,0.0,0.0,0,0,0,0,0,1,1,0,0,0,0,1,0,0,0,0,3,0,1,0
Meta-Llama-3-8B-Instruct,51,16,disagreement,0.0,0.0,0.0,0,0,0,0,0,1,1,0,0,0,0,1,0,0,0,0,3,0,1,0
Meta-Llama-3-8B-Instruct,52,16,disagreement,0.0,0.0,0.0,0,0,0,0,0,1,1,0,0,0,0,1,0,0,0,0,3,0,1,0
Meta-Llama-3-8B-Instruct,53,16,disagreement,0.0,0.0,0.0,0,0,0,0,0,1,1,0,0,0,0,1,0,0,0,0,3,0,1,0
Meta-Llama-3-8B-Instruct,54,16,disagreement,0.0,0.0,0.0,0,0,0,0,0,1,1,0,0,0,0,1,0,0,0,0,3,0,1,0
Meta-Llama-3-8B-Instruct,55,16,disagreement,0.0,0.0,0.0,0,0,0,0,0,1,1,0,0,0,0,1,0,0,0,0,3,0,1,0
Meta-Llama-3-8B-Instruct,56,16,disagreement,0.0,0.0,0.0,0,0,0,0,0,1,1,0,0,0,0,0,0,0,0,0,2,0,1,0
Meta-Llama-3-8B-Instruct,57,16,implicit,8,0,8,0,1,0,1,0,1,1,0,0,0,0,0,0,0,0,2,2,0,1,1
Meta-Llama-3-8B-Instruct,58,16,disagreement,0.0,0.0,0.0,0,0,0,0,0,1,1,0,0,0,0,1,0,0,0,0,3,0,1,0
Meta-Llama-3-8B-Instruct,59,16,disagreement,0.0,0.0,0.0,0,0,0,0,0,1,1,0,0,0,0,1,0,0,0,0,3,0,1,0
Meta-Llama-3-8B-Instruct,5,16,disagreement,0.0,0.0,0.0,0,0,0,0,0,1,1,0,0,0,0,0,0,0,0,0,2,0,1,0
Meta-Llama-3-8B-Instruct,60,16,disagreement,0.0,0.0,0.0,0,0,0,0,0,1,1,0,0,0,0,1,0,0,0,0,3,0,1,0
Meta-Llama-3-8B-Instruct,61,16,disagreement,0.0,0.0,0.0,0,0,0,0,0,1,1,0,0,0,0,1,0,0,0,0,3,0,1,0
Meta-Llama-3-8B-Instruct,62,16,disagreement,0.0,0.0,0.0,0,0,0,0,0,1,1,0,0,0,0,1,0,0,0,0,3,0,1,0
Meta-Llama-3-8B-Instruct,63,16,disagreement,0.0,0.0,0.0,0,0,0,0,0,1,1,0,0,0,0,1,0,0,0,0,3,0,1,0
Meta-Llama-3-8B-Instruct,64,16,disagreement,0.0,0.0,0.0,0,0,0,0,0,1,1,0,0,0,0,1,0,0,0,0,3,0,1,0
Meta-Llama-3-8B-Instruct,65,16,disagreement,0.0,0.0,0.0,0,0,0,0,0,1,1,0,0,0,0,1,0,0,0,0,3,0,1,0
Meta-Llama-3-8B-Instruct,66,16,disagreement,0.0,0.0,0.0,0,0,0,0,0,1,1,0,0,0,0,1,0,0,0,0,3,0,1,0
Meta-Llama-3-8B-Instruct,67,16,disagreement,0.0,0.0,0.0,0,0,0,0,0,1,1,0,0,0,0,1,0,0,0,0,3,0,1,0
Meta-Llama-3-8B-Instruct,68,16,disagreement,0.0,0.0,0.0,0,0,0,0,0,1,1,0,0,0,0,1,0,0,0,0,3,0,1,0
Meta-Llama-3-8B-Instruct,69,16,disagreement,0.0,0.0,0.0,0,0,0,0,0,1,1,0,0,0,0,1,0,0,0,0,3,0,1,0
Meta-Llama-3-8B-Instruct,6,16,disagreement,0.0,0.0,0.0,0,0,0,0,0,1,1,0,0,0,0,1,0,0,0,0,3,0,1,0
Meta-Llama-3-8B-Instruct,70,16,disagreement,0.0,0.0,0.0,0,0,0,0,0,1,1,0,0,0,0,1,0,0,0,0,3,0,1,0
Meta-Llama-3-8B-Instruct,71,16,disagreement,0.0,0.0,0.0,0,0,0,0,0,1,1,0,0,0,0,1,0,0,0,0,3,0,1,0
Meta-Llama-3-8B-Instruct,72,16,disagreement,0.0,0.0,0.0,0,0,0,0,0,1,1,0,0,0,0,1,0,0,0,0,3,0,1,0
Meta-Llama-3-8B-Instruct,73,16,disagreement,0.0,0.0,0.0,0,0,0,0,0,1,1,0,0,0,0,1,0,0,0,0,3,0,1,0
Meta-Llama-3-8B-Instruct,74,16,disagreement,0.0,0.0,0.0,0,0,0,0,0,1,1,0,0,0,0,1,0,0,0,0,3,0,1,0
Meta-Llama-3-8B-Instruct,75,16,disagreement,0.0,0.0,0.0,0,0,0,0,0,1,1,0,0,0,0,1,0,0,0,0,3,0,1,0
Meta-Llama-3-8B-Instruct,76,16,disagreement,0.0,0.0,0.0,0,0,0,0,0,1,1,0,0,0,0,1,0,0,0,0,3,0,1,0
Meta-Llama-3-8B-Instruct,77,16,disagreement,0.0,0.0,0.0,0,0,0,0,0,1,1,0,0,0,0,1,0,0,0,0,3,0,1,0
Meta-Llama-3-8B-Instruct,78,16,disagreement,0.0,0.0,0.0,0,0,0,0,0,1,1,0,0,0,0,0,0,0,0,0,2,0,1,0
Meta-Llama-3-8B-Instruct,79,16,disagreement,0.0,0.0,0.0,0,0,0,0,0,1,1,0,0,0,0,1,0,0,0,0,3,0,1,0
Meta-Llama-3-8B-Instruct,7,16,disagreement,0.0,0.0,0.0,0,0,0,0,0,1,1,0,0,0,0,1,0,0,0,0,3,0,1,0
Meta-Llama-3-8B-Instruct,80,16,implicit,0,8,8,0,1,0,1,0,1,1,0,0,0,0,1,0,0,0,2,3,0,1,1
Meta-Llama-3-8B-Instruct,81,16,disagreement,0.0,0.0,0.0,0,0,0,0,0,1,1,0,0,0,0,1,0,0,0,0,3,0,1,0
Meta-Llama-3-8B-Instruct,82,16,disagreement,0.0,0.0,0.0,0,0,0,0,0,1,1,0,0,0,0,1,0,0,0,0,3,0,1,0
Meta-Llama-3-8B-Instruct,83,16,disagreement,0.0,0.0,0.0,0,0,0,0,0,1,1,0,0,0,0,1,0,0,0,0,3,0,1,0
Meta-Llama-3-8B-Instruct,84,16,disagreement,0.0,0.0,0.0,0,0,0,0,0,1,1,0,0,0,0,1,0,0,0,0,3,0,1,0
Meta-Llama-3-8B-Instruct,85,16,disagreement,0.0,0.0,0.0,0,0,0,0,0,1,1,0,0,0,0,1,0,0,0,0,3,0,1,0
Meta-Llama-3-8B-Instruct,86,16,disagreement,0.0,0.0,0.0,0,0,0,0,0,1,1,0,0,0,0,1,0,0,0,0,3,0,1,0
Meta-Llama-3-8B-Instruct,87,16,disagreement,0.0,0.0,0.0,0,0,0,0,0,1,1,0,0,0,0,1,0,0,0,0,3,0,1,0
Meta-Llama-3-8B-Instruct,88,16,disagreement,0.0,0.0,0.0,0,0,0,0,0,1,1,0,0,0,0,1,0,0,0,0,3,0,1,0
Meta-Llama-3-8B-Instruct,89,16,implicit,5,10,15,0,1,0,0,0,1,1,0,0,0,0,1,0,0,0,1,3,0,1,1
Meta-Llama-3-8B-Instruct,8,16,disagreement,0.0,0.0,0.0,0,0,0,0,0,1,1,0,0,0,0,0,0,0,0,0,2,0,1,0
Meta-Llama-3-8B-Instruct,90,16,disagreement,0.0,0.0,0.0,0,0,0,0,0,1,1,0,0,0,0,1,0,0,0,0,3,0,1,0
Meta-Llama-3-8B-Instruct,91,16,disagreement,0.0,0.0,0.0,0,0,0,0,0,1,1,0,0,0,0,1,0,0,0,0,3,0,1,0
Meta-Llama-3-8B-Instruct,92,16,disagreement,0.0,0.0,0.0,0,0,0,0,0,1,1,0,0,0,0,1,0,0,0,0,3,0,1,0
Meta-Llama-3-8B-Instruct,93,16,disagreement,0.0,0.0,0.0,0,0,0,0,0,1,1,0,0,0,0,1,0,0,0,0,3,0,1,0
Meta-Llama-3-8B-Instruct,94,16,disagreement,0.0,0.0,0.0,0,0,0,0,0,1,1,0,0,0,0,1,0,0,0,0,3,0,1,0
Meta-Llama-3-8B-Instruct,95,16,disagreement,0.0,0.0,0.0,0,0,0,0,0,1,1,0,0,0,0,1,0,0,0,0,3,0,1,0
Meta-Llama-3-8B-Instruct,96,16,disagreement,0.0,0.0,0.0,0,0,0,0,0,1,1,0,0,0,0,1,0,0,0,0,3,0,1,0
Meta-Llama-3-8B-Instruct,97,16,disagreement,0.0,0.0,0.0,0,0,0,0,0,1,1,0,0,0,0,1,0,0,0,0,3,0,1,0
Meta-Llama-3-8B-Instruct,98,16,disagreement,0.0,0.0,0.0,0,0,0,0,0,1,1,0,0,0,0,1,0,0,0,0,3,0,1,0
Meta-Llama-3-8B-Instruct,99,16,disagreement,0.0,0.0,0.0,0,0,0,0,0,1,1,0,0,0,0,1,0,0,0,0,3,0,1,0
Meta-Llama-3-8B-Instruct,9,16,disagreement,0.0,0.0,0.0,0,0,0,0,0,1,1,0,0,0,0,1,0,0,0,0,3,0,1,0
Mistral-7B-Instruct-v0.2,0,1,leave,4,10,14,0,0,0,0,0,0,0,0,0,0,0,0,0,0,0,0,0,0,0,0
Mistral-7B-Instruct-v0.2,10,9,leave,9,8,17,0,0,0,0,0,0,0,0,0,0,0,0,0,0,0,0,0,0,0,0
Mistral-7B-Instruct-v0.2,11,16,implicit,8,8,16,0,1,0,1,0,1,1,0,0,0,0,0,0,0,0,2,2,0,1,1
Mistral-7B-Instruct-v0.2,12,16,implicit,3,10,13,0,1,0,0,0,1,1,0,0,0,0,0,0,0,0,1,2,0,1,1
Mistral-7B-Instruct-v0.2,13,16,implicit,6,6,12,0,1,0,0,0,1,1,0,0,0,0,0,0,0,0,1,2,0,1,1
Mistral-7B-Instruct-v0.2,14,11,leave,7,1,8,0,0,0,1,0,1,0,0,0,0,0,0,0,0,0,1,1,0,1,1
Mistral-7B-Instruct-v0.2,15,16,disagreement,0.0,0.0,0.0,0,0,0,0,0,0,1,0,0,0,0,0,0,0,0,0,1,0,1,0
Mistral-7B-Instruct-v0.2,16,16,disagreement,0.0,0.0,0.0,0,0,0,0,0,1,1,0,0,0,0,0,0,0,0,0,2,0,1,0
Mistral-7B-Instruct-v0.2,17,16,disagreement,0.0,0.0,0.0,0,0,0,0,0,1,1,0,0,0,0,0,0,0,0,0,2,0,1,0
Mistral-7B-Instruct-v0.2,18,16,disagreement,0.0,0.0,0.0,0,0,0,0,0,1,1,0,0,0,0,0,0,0,0,0,2,0,1,0
Mistral-7B-Instruct-v0.2,19,16,disagreement,0.0,0.0,0.0,0,0,0,0,0,1,1,0,0,0,0,0,0,0,0,0,2,0,1,0
Mistral-7B-Instruct-v0.2,1,16,implicit,9,6,15,0,1,0,0,0,1,1,0,0,0,0,0,0,0,0,1,2,0,1,1
Mistral-7B-Instruct-v0.2,20,16,disagreement,0.0,0.0,0.0,0,0,0,0,0,1,1,0,0,0,0,0,0,0,0,0,2,0,1,0
Mistral-7B-Instruct-v0.2,21,16,disagreement,0.0,0.0,0.0,0,0,0,0,0,0,1,0,0,0,0,0,0,0,1,0,1,1,1,0
Mistral-7B-Instruct-v0.2,22,16,disagreement,0.0,0.0,0.0,0,0,0,0,0,1,1,0,0,0,0,0,0,0,0,0,2,0,1,0
Mistral-7B-Instruct-v0.2,23,16,disagreement,0.0,0.0,0.0,0,0,0,0,0,1,1,0,0,0,0,0,0,0,0,0,2,0,1,0
Mistral-7B-Instruct-v0.2,24,16,disagreement,0.0,0.0,0.0,0,0,0,0,0,1,1,0,0,0,0,0,0,0,0,0,2,0,1,0
Mistral-7B-Instruct-v0.2,25,16,disagreement,0.0,0.0,0.0,0,0,0,0,0,1,1,0,0,0,0,0,0,0,0,0,2,0,1,0
Mistral-7B-Instruct-v0.2,26,16,disagreement,0.0,0.0,0.0,0,0,0,0,0,0,1,0,0,0,0,0,0,0,0,0,1,0,1,0
Mistral-7B-Instruct-v0.2,27,16,implicit,2,10,12,0,1,0,0,0,1,1,0,0,0,0,0,0,0,0,1,2,0,1,1
Mistral-7B-Instruct-v0.2,28,16,disagreement,0.0,0.0,0.0,0,0,0,0,0,1,1,0,0,0,0,0,0,0,0,0,2,0,1,0
Mistral-7B-Instruct-v0.2,29,8,leave,10,2,12,0,0,0,0,0,0,0,0,0,0,0,0,0,0,0,0,0,0,0,0
Mistral-7B-Instruct-v0.2,2,6,leave,3,10,13,0,0,0,1,0,0,0,0,0,0,0,0,0,0,0,1,0,0,1,1
Mistral-7B-Instruct-v0.2,30,16,disagreement,0.0,0.0,0.0,0,0,0,0,0,0,1,0,0,0,0,0,0,0,0,0,1,0,1,0
Mistral-7B-Instruct-v0.2,31,9,leave,10,7,17,0,0,0,1,0,0,0,0,0,0,0,0,0,0,0,1,0,0,1,1
Mistral-7B-Instruct-v0.2,32,16,disagreement,0.0,0.0,0.0,0,0,0,0,0,1,1,0,0,0,0,0,0,0,0,0,2,0,1,0
Mistral-7B-Instruct-v0.2,33,16,disagreement,0.0,0.0,0.0,0,0,0,0,0,0,1,0,0,0,0,0,0,0,0,0,1,0,1,0
Mistral-7B-Instruct-v0.2,34,16,disagreement,0.0,0.0,0.0,0,0,0,0,0,0,1,0,0,0,0,0,0,0,0,0,1,0,1,0
Mistral-7B-Instruct-v0.2,35,16,disagreement,0.0,0.0,0.0,0,0,0,0,0,1,1,0,0,0,0,0,0,0,0,0,2,0,1,0
Mistral-7B-Instruct-v0.2,36,16,disagreement,0.0,0.0,0.0,0,0,0,0,0,1,1,0,0,0,0,0,0,0,0,0,2,0,1,0
Mistral-7B-Instruct-v0.2,37,16,disagreement,0.0,0.0,0.0,0,0,0,0,0,1,1,0,0,0,0,0,0,0,0,0,2,0,1,0
Mistral-7B-Instruct-v0.2,38,16,disagreement,0.0,0.0,0.0,0,0,0,0,0,1,1,0,0,0,0,0,0,0,0,0,2,0,1,0
Mistral-7B-Instruct-v0.2,39,16,implicit,8,10,18,0,1,0,0,0,1,1,0,1,0,0,0,0,0,0,1,3,0,1,1
Mistral-7B-Instruct-v0.2,3,16,leave,10,6,16,0,0,0,1,0,1,1,0,0,0,0,0,0,0,1,1,2,1,1,1
Mistral-7B-Instruct-v0.2,40,16,disagreement,0.0,0.0,0.0,0,0,0,0,0,1,1,0,0,0,0,0,0,0,0,0,2,0,1,0
Mistral-7B-Instruct-v0.2,41,16,disagreement,0.0,0.0,0.0,0,0,0,0,0,1,1,0,0,0,0,0,0,0,0,0,2,0,1,0
Mistral-7B-Instruct-v0.2,42,16,leave,4,10,14,0,0,0,0,0,1,1,0,0,0,0,0,0,0,0,0,2,0,1,0
Mistral-7B-Instruct-v0.2,43,16,implicit,10,7,17,0,1,0,1,0,1,1,0,0,0,0,0,0,0,0,2,2,0,1,1
Mistral-7B-Instruct-v0.2,44,16,disagreement,0.0,0.0,0.0,0,0,0,0,0,1,1,0,0,0,0,0,0,0,0,0,2,0,1,0
Mistral-7B-Instruct-v0.2,45,16,disagreement,0.0,0.0,0.0,0,0,0,0,0,1,1,0,0,0,0,0,0,0,0,0,2,0,1,0
Mistral-7B-Instruct-v0.2,46,16,disagreement,0.0,0.0,0.0,0,0,0,0,0,1,1,0,0,0,0,0,0,0,0,0,2,0,1,0
Mistral-7B-Instruct-v0.2,47,16,implicit,10,8,18,0,1,0,0,0,1,1,0,0,0,0,0,0,0,0,1,2,0,1,1
Mistral-7B-Instruct-v0.2,48,16,disagreement,0.0,0.0,0.0,0,0,0,0,0,1,1,0,0,0,0,0,0,0,0,0,2,0,1,0
Mistral-7B-Instruct-v0.2,49,16,disagreement,0.0,0.0,0.0,0,0,0,0,0,0,1,0,0,0,0,0,0,0,0,0,1,0,1,0
Mistral-7B-Instruct-v0.2,4,16,disagreement,0.0,0.0,0.0,0,0,0,0,0,1,1,0,0,0,0,0,0,0,0,0,2,0,1,0
Mistral-7B-Instruct-v0.2,50,16,implicit,2,4,6,0,1,0,1,0,1,1,0,0,0,0,0,0,0,0,2,2,0,1,1
Mistral-7B-Instruct-v0.2,51,16,disagreement,0.0,0.0,0.0,0,0,0,0,0,1,1,0,0,0,0,0,0,0,0,0,2,0,1,0
Mistral-7B-Instruct-v0.2,52,6,leave,8,6,14,0,0,0,0,0,0,0,0,0,0,0,0,0,0,0,0,0,0,0,0
Mistral-7B-Instruct-v0.2,53,9,leave,6,10,16,0,0,0,0,0,0,0,0,0,0,0,0,0,0,0,0,0,0,0,0
Mistral-7B-Instruct-v0.2,54,16,disagreement,0.0,0.0,0.0,0,0,0,0,0,1,1,0,1,0,0,0,0,0,1,0,3,1,1,0
Mistral-7B-Instruct-v0.2,55,16,disagreement,0.0,0.0,0.0,0,0,0,0,0,1,1,0,0,0,0,0,0,0,0,0,2,0,1,0
Mistral-7B-Instruct-v0.2,56,2,leave,2,9,11,0,0,0,0,0,0,0,0,0,0,0,0,0,0,0,0,0,0,0,0
Mistral-7B-Instruct-v0.2,57,16,implicit,2,10,12,0,1,0,0,0,1,1,0,0,0,0,0,0,0,0,1,2,0,1,1
Mistral-7B-Instruct-v0.2,58,8,leave,10,6,16,0,0,0,0,0,1,0,0,0,0,0,0,0,0,0,0,1,0,1,0
Mistral-7B-Instruct-v0.2,59,16,disagreement,0.0,0.0,0.0,0,0,0,0,0,1,1,0,0,0,0,0,0,0,0,0,2,0,1,0
Mistral-7B-Instruct-v0.2,5,16,implicit,9,8,17,0,1,0,1,0,1,1,0,0,0,0,0,0,0,0,2,2,0,1,1
Mistral-7B-Instruct-v0.2,60,16,implicit,4,9,13,0,1,0,0,0,1,1,0,0,0,0,0,0,0,0,1,2,0,1,1
Mistral-7B-Instruct-v0.2,61,16,implicit,10,2,12,0,1,0,0,0,1,1,0,0,0,0,0,0,0,0,1,2,0,1,1
Mistral-7B-Instruct-v0.2,62,16,disagreement,0.0,0.0,0.0,0,0,0,0,0,1,1,0,0,0,0,0,0,0,0,0,2,0,1,0
Mistral-7B-Instruct-v0.2,63,5,leave,9,7,16,0,0,0,0,0,0,0,0,0,0,0,0,0,0,0,0,0,0,0,0
Mistral-7B-Instruct-v0.2,64,16,implicit,9,2,11,0,1,0,1,0,1,1,0,0,0,0,0,0,0,0,2,2,0,1,1
Mistral-7B-Instruct-v0.2,65,16,disagreement,0.0,0.0,0.0,0,0,0,0,0,0,1,0,0,0,0,0,0,1,0,0,1,1,1,0
Mistral-7B-Instruct-v0.2,66,16,disagreement,0.0,0.0,0.0,0,0,0,0,0,1,1,0,0,0,0,0,0,0,0,0,2,0,1,0
Mistral-7B-Instruct-v0.2,67,16,implicit,6,10,16,0,1,0,0,0,1,1,0,0,0,0,0,0,0,0,1,2,0,1,1
Mistral-7B-Instruct-v0.2,68,16,disagreement,0.0,0.0,0.0,0,0,0,0,0,1,1,0,0,0,0,0,0,0,0,0,2,0,1,0
Mistral-7B-Instruct-v0.2,69,16,disagreement,0.0,0.0,0.0,0,0,0,0,0,1,1,0,0,0,0,1,0,0,0,0,3,0,1,0
Mistral-7B-Instruct-v0.2,6,16,implicit,5,7,12,0,1,0,0,0,1,1,0,0,0,0,0,0,0,0,1,2,0,1,1
Mistral-7B-Instruct-v0.2,70,16,disagreement,0.0,0.0,0.0,0,0,0,0,0,1,1,0,0,0,0,0,0,0,0,0,2,0,1,0
Mistral-7B-Instruct-v0.2,71,16,disagreement,0.0,0.0,0.0,0,0,0,0,0,1,1,0,0,0,0,0,0,0,0,0,2,0,1,0
Mistral-7B-Instruct-v0.2,72,16,disagreement,0.0,0.0,0.0,0,0,0,0,0,1,1,0,0,0,0,0,0,0,0,0,2,0,1,0
Mistral-7B-Instruct-v0.2,73,16,disagreement,0.0,0.0,0.0,0,0,0,0,0,1,1,0,0,0,0,0,0,0,1,0,2,1,1,0
Mistral-7B-Instruct-v0.2,74,16,disagreement,0.0,0.0,0.0,0,0,0,0,0,1,1,0,0,0,0,0,0,0,0,0,2,0,1,0
Mistral-7B-Instruct-v0.2,75,16,disagreement,0.0,0.0,0.0,0,0,0,0,0,1,1,0,0,0,0,0,0,0,0,0,2,0,1,0
Mistral-7B-Instruct-v0.2,76,16,implicit,4,10,14,0,1,0,0,0,1,1,0,0,0,0,0,0,0,0,1,2,0,1,1
Mistral-7B-Instruct-v0.2,77,16,disagreement,0.0,0.0,0.0,0,0,0,0,0,1,1,0,0,0,0,0,0,0,0,0,2,0,1,0
Mistral-7B-Instruct-v0.2,78,16,implicit,8,4,12,0,1,0,1,0,1,1,0,0,0,0,0,0,0,0,2,2,0,1,1
Mistral-7B-Instruct-v0.2,79,16,disagreement,0.0,0.0,0.0,0,0,0,0,0,1,1,0,0,0,0,0,0,0,0,0,2,0,1,0
Mistral-7B-Instruct-v0.2,7,3,leave,7,5,12,0,0,0,0,0,0,0,0,0,0,0,0,0,0,0,0,0,0,0,0
Mistral-7B-Instruct-v0.2,80,16,disagreement,0.0,0.0,0.0,0,0,0,0,0,0,1,0,0,0,0,0,0,0,0,0,1,0,1,0
Mistral-7B-Instruct-v0.2,81,16,disagreement,0.0,0.0,0.0,0,0,0,0,0,1,1,0,0,0,0,0,0,0,0,0,2,0,1,0
Mistral-7B-Instruct-v0.2,82,16,disagreement,0.0,0.0,0.0,0,0,0,0,0,0,1,0,0,0,0,0,0,0,0,0,1,0,1,0
Mistral-7B-Instruct-v0.2,83,7,leave,5,7,12,0,0,0,1,0,0,0,0,0,0,0,0,0,0,0,1,0,0,1,1
Mistral-7B-Instruct-v0.2,84,16,implicit,6,2,8,0,1,0,1,0,1,1,0,0,0,0,0,0,0,0,2,2,0,1,1
Mistral-7B-Instruct-v0.2,85,16,disagreement,0.0,0.0,0.0,0,0,0,0,0,1,1,0,0,0,0,0,0,0,0,0,2,0,1,0
Mistral-7B-Instruct-v0.2,86,16,implicit,7,2,9,0,1,0,0,0,1,1,0,0,0,0,0,0,0,0,1,2,0,1,1
Mistral-7B-Instruct-v0.2,87,2,leave,8,3,11,0,0,0,0,0,0,0,0,0,0,0,0,0,0,0,0,0,0,0,0
Mistral-7B-Instruct-v0.2,88,11,leave,10,4,14,0,0,0,1,0,0,0,0,0,0,0,0,0,0,0,1,0,0,1,1
Mistral-7B-Instruct-v0.2,89,9,leave,7,0,7,0,0,0,1,0,0,0,0,0,0,0,0,0,0,0,1,0,0,1,1
Mistral-7B-Instruct-v0.2,8,16,disagreement,0.0,0.0,0.0,0,0,0,0,0,1,1,0,0,0,0,0,0,0,0,0,2,0,1,0
Mistral-7B-Instruct-v0.2,90,16,disagreement,0.0,0.0,0.0,0,0,0,0,0,1,1,0,0,0,0,0,0,0,0,0,2,0,1,0
Mistral-7B-Instruct-v0.2,91,16,disagreement,0.0,0.0,0.0,0,0,0,0,0,1,1,0,0,0,0,0,0,0,0,0,2,0,1,0
Mistral-7B-Instruct-v0.2,92,16,disagreement,0.0,0.0,0.0,0,0,0,0,0,1,1,0,0,0,0,0,0,0,0,0,2,0,1,0
Mistral-7B-Instruct-v0.2,93,16,disagreement,0.0,0.0,0.0,0,0,0,0,0,1,1,0,0,0,0,0,0,0,0,0,2,0,1,0
Mistral-7B-Instruct-v0.2,94,16,disagreement,0.0,0.0,0.0,0,0,0,0,0,1,1,0,0,0,0,0,0,0,0,0,2,0,1,0
Mistral-7B-Instruct-v0.2,95,16,disagreement,0.0,0.0,0.0,0,0,0,0,0,1,1,0,0,0,0,0,0,0,0,0,2,0,1,0
Mistral-7B-Instruct-v0.2,96,16,disagreement,0.0,0.0,0.0,0,0,0,0,0,1,1,0,0,0,0,0,0,0,0,0,2,0,1,0
Mistral-7B-Instruct-v0.2,97,11,leave,4,9,13,0,0,0,0,0,1,0,0,0,0,0,0,0,0,0,0,1,0,1,0
Mistral-7B-Instruct-v0.2,98,16,implicit,6,0,6,0,1,0,1,0,1,1,0,0,0,0,0,0,0,0,2,2,0,1,1
Mistral-7B-Instruct-v0.2,99,8,leave,10,3,13,0,0,0,1,0,0,0,0,0,0,0,0,0,0,0,1,0,0,1,1
Mistral-7B-Instruct-v0.2,9,16,disagreement,0.0,0.0,0.0,0,0,0,0,0,0,1,0,0,0,0,0,0,0,0,0,1,0,1,0
Mistral-7B-Instruct-v0.3,0,16,disagreement,0.0,0.0,0.0,0,0,0,0,0,1,1,0,0,0,0,0,0,0,0,0,2,0,1,0
Mistral-7B-Instruct-v0.3,10,16,implicit,6,8,14,0,1,0,1,0,1,1,0,0,0,0,0,0,0,0,2,2,0,1,1
Mistral-7B-Instruct-v0.3,11,16,disagreement,0.0,0.0,0.0,0,0,0,0,0,1,1,0,0,0,0,0,0,0,0,0,2,0,1,0
Mistral-7B-Instruct-v0.3,12,16,disagreement,0.0,0.0,0.0,0,0,0,0,0,1,1,0,0,0,0,0,0,0,0,0,2,0,1,0
Mistral-7B-Instruct-v0.3,13,2,leave,2,9,11,0,0,0,0,0,0,0,0,0,0,0,0,0,0,0,0,0,0,0,0
Mistral-7B-Instruct-v0.3,14,16,disagreement,0.0,0.0,0.0,0,0,0,0,0,1,1,0,0,0,0,0,0,0,1,0,2,1,1,0
Mistral-7B-Instruct-v0.3,15,16,disagreement,0.0,0.0,0.0,0,0,0,0,0,1,1,0,1,0,0,0,0,0,0,0,3,0,1,0
Mistral-7B-Instruct-v0.3,16,15,leave,1,10,11,0,0,0,1,0,1,0,0,0,0,0,0,0,0,0,1,1,0,1,1
Mistral-7B-Instruct-v0.3,17,16,disagreement,0.0,0.0,0.0,0,0,0,0,0,1,1,0,0,0,0,0,0,0,0,0,2,0,1,0
Mistral-7B-Instruct-v0.3,18,12,leave,9,5,14,0,0,0,0,0,1,0,0,0,0,0,0,0,0,0,0,1,0,1,0
Mistral-7B-Instruct-v0.3,19,16,implicit,6,1,7,0,1,0,1,0,1,1,0,0,0,0,0,0,0,0,2,2,0,1,1
Mistral-7B-Instruct-v0.3,1,16,implicit,7,10,17,0,1,0,0,0,1,1,0,0,0,0,0,0,1,0,1,2,1,1,1
Mistral-7B-Instruct-v0.3,20,16,disagreement,0.0,0.0,0.0,0,0,0,0,0,1,1,0,1,0,0,0,0,0,0,0,3,0,1,0
Mistral-7B-Instruct-v0.3,21,16,implicit,3,10,13,0,1,0,0,0,1,1,0,0,0,0,0,0,0,0,1,2,0,1,1
Mistral-7B-Instruct-v0.3,22,16,disagreement,0.0,0.0,0.0,0,0,0,0,0,1,1,0,0,0,0,0,0,0,0,0,2,0,1,0
Mistral-7B-Instruct-v0.3,23,16,implicit,7,9,16,0,1,0,0,0,1,1,0,0,0,0,0,0,0,0,1,2,0,1,1
Mistral-7B-Instruct-v0.3,24,16,implicit,6,0,6,0,1,0,1,0,1,1,0,0,0,0,0,0,1,0,2,2,1,1,1
Mistral-7B-Instruct-v0.3,25,9,leave,10,3,13,0,0,0,1,0,0,0,0,0,0,0,0,0,0,0,1,0,0,1,1
Mistral-7B-Instruct-v0.3,26,16,disagreement,0.0,0.0,0.0,0,0,0,0,0,1,1,0,0,0,0,0,0,1,0,0,2,1,1,0
Mistral-7B-Instruct-v0.3,27,16,disagreement,0.0,0.0,0.0,0,0,0,0,0,1,1,0,0,0,0,0,0,0,0,0,2,0,1,0
Mistral-7B-Instruct-v0.3,28,3,leave,10,0,10,0,0,0,1,0,0,0,0,0,0,0,0,0,0,0,1,0,0,1,1
Mistral-7B-Instruct-v0.3,29,15,leave,10,0,10,0,0,0,1,0,1,0,0,0,0,0,0,0,0,1,1,1,1,1,1
Mistral-7B-Instruct-v0.3,2,16,disagreement,0.0,0.0,0.0,0,0,0,0,0,1,1,0,0,0,0,0,0,0,0,0,2,0,1,0
Mistral-7B-Instruct-v0.3,30,16,disagreement,0.0,0.0,0.0,0,0,0,0,0,1,1,0,0,0,0,0,0,0,0,0,2,0,1,0
Mistral-7B-Instruct-v0.3,31,16,implicit,10,5,15,0,1,0,1,0,1,1,0,0,0,0,0,0,0,0,2,2,0,1,1
Mistral-7B-Instruct-v0.3,32,1,leave,4,5,9,0,0,0,1,0,0,0,0,0,0,0,0,0,0,0,1,0,0,1,1
Mistral-7B-Instruct-v0.3,33,16,disagreement,0.0,0.0,0.0,0,0,0,0,0,1,1,0,0,0,0,0,0,0,1,0,2,1,1,0
Mistral-7B-Instruct-v0.3,34,16,disagreement,0.0,0.0,0.0,0,0,0,0,0,0,1,0,0,0,0,0,0,0,0,0,1,0,1,0
Mistral-7B-Instruct-v0.3,35,16,disagreement,0.0,0.0,0.0,0,0,0,0,0,0,1,0,1,0,0,0,1,0,0,0,2,1,1,0
Mistral-7B-Instruct-v0.3,36,16,disagreement,0.0,0.0,0.0,0,0,0,0,0,1,1,0,0,0,0,0,0,0,0,0,2,0,1,0
Mistral-7B-Instruct-v0.3,37,16,leave,1,3,4,0,0,0,1,0,1,1,0,0,0,0,0,0,0,0,1,2,0,1,1
Mistral-7B-Instruct-v0.3,38,16,disagreement,0.0,0.0,0.0,0,0,0,0,0,1,1,0,0,0,0,0,0,0,0,0,2,0,1,0
Mistral-7B-Instruct-v0.3,39,16,disagreement,0.0,0.0,0.0,0,0,0,0,0,1,1,0,0,0,0,0,0,0,0,0,2,0,1,0
Mistral-7B-Instruct-v0.3,3,6,leave,10,6,16,0,0,0,1,0,0,0,0,0,0,0,0,0,0,0,1,0,0,1,1
Mistral-7B-Instruct-v0.3,40,16,disagreement,0.0,0.0,0.0,0,0,0,0,0,1,1,0,0,0,0,0,0,0,0,0,2,0,1,0
Mistral-7B-Instruct-v0.3,41,16,disagreement,0.0,0.0,0.0,0,0,0,0,0,1,1,0,0,0,0,0,0,0,0,0,2,0,1,0
Mistral-7B-Instruct-v0.3,42,16,disagreement,0.0,0.0,0.0,0,0,0,0,0,1,1,0,0,0,0,0,0,0,0,0,2,0,1,0
Mistral-7B-Instruct-v0.3,43,16,implicit,10,8,18,0,1,0,0,0,1,1,0,1,0,0,0,0,0,0,1,3,0,1,1
Mistral-7B-Instruct-v0.3,44,16,disagreement,0.0,0.0,0.0,0,0,0,0,0,1,1,0,0,0,0,0,0,0,1,0,2,1,1,0
Mistral-7B-Instruct-v0.3,45,16,disagreement,0.0,0.0,0.0,0,0,0,0,0,1,1,0,0,0,0,0,0,0,0,0,2,0,1,0
Mistral-7B-Instruct-v0.3,46,8,leave,0,10,10,0,0,0,0,0,0,0,0,0,0,0,0,0,0,0,0,0,0,0,0
Mistral-7B-Instruct-v0.3,47,5,leave,9,5,14,0,0,0,1,0,0,0,0,0,0,0,0,0,0,0,1,0,0,1,1
Mistral-7B-Instruct-v0.3,48,16,implicit,7,9,16,0,1,0,1,0,1,1,0,0,0,0,0,0,0,0,2,2,0,1,1
Mistral-7B-Instruct-v0.3,49,16,disagreement,0.0,0.0,0.0,0,0,0,0,0,1,1,0,0,0,0,0,0,0,0,0,2,0,1,0
Mistral-7B-Instruct-v0.3,4,8,leave,8,9,17,0,0,0,1,0,0,0,0,0,0,0,0,0,0,0,1,0,0,1,1
Mistral-7B-Instruct-v0.3,50,16,implicit,6,6,12,0,1,0,1,0,1,1,0,0,0,0,0,0,1,0,2,2,1,1,1
Mistral-7B-Instruct-v0.3,51,16,disagreement,0.0,0.0,0.0,0,0,0,0,0,1,1,0,0,0,0,0,0,0,0,0,2,0,1,0
Mistral-7B-Instruct-v0.3,52,5,leave,8,0,8,0,0,0,1,0,0,0,0,0,0,0,0,0,0,0,1,0,0,1,1
Mistral-7B-Instruct-v0.3,53,16,implicit,6,10,16,0,1,0,0,0,1,1,0,0,0,0,0,0,0,0,1,2,0,1,1
Mistral-7B-Instruct-v0.3,54,16,implicit,4,7,11,0,1,0,0,0,1,1,0,1,0,0,0,0,0,0,1,3,0,1,1
Mistral-7B-Instruct-v0.3,55,4,leave,2,8,10,0,0,0,0,0,0,0,0,0,0,0,0,0,0,0,0,0,0,0,0
Mistral-7B-Instruct-v0.3,56,16,disagreement,0.0,0.0,0.0,0,0,0,0,0,1,1,0,0,0,0,0,0,0,0,0,2,0,1,0
Mistral-7B-Instruct-v0.3,57,16,disagreement,0.0,0.0,0.0,0,0,0,0,0,1,1,0,0,0,0,0,0,0,0,0,2,0,1,0
Mistral-7B-Instruct-v0.3,58,16,disagreement,0.0,0.0,0.0,0,0,0,0,0,1,1,0,0,0,0,0,0,0,0,0,2,0,1,0
Mistral-7B-Instruct-v0.3,59,16,implicit,6,10,16,0,1,0,0,0,1,1,0,0,0,0,0,0,0,0,1,2,0,1,1
Mistral-7B-Instruct-v0.3,5,15,leave,9,8,17,0,0,0,1,0,1,0,0,0,0,0,0,0,0,0,1,1,0,1,1
Mistral-7B-Instruct-v0.3,60,12,leave,6,1,7,0,0,0,1,0,1,0,0,0,0,0,0,0,0,0,1,1,0,1,1
Mistral-7B-Instruct-v0.3,61,16,implicit,7,8,15,0,1,0,0,0,1,1,0,0,0,0,0,0,0,0,1,2,0,1,1
Mistral-7B-Instruct-v0.3,62,16,implicit,10,6,16,0,1,0,0,0,1,1,0,0,0,0,0,0,0,0,1,2,0,1,1
Mistral-7B-Instruct-v0.3,63,16,disagreement,0.0,0.0,0.0,0,0,0,0,0,1,1,0,1,0,0,0,0,0,0,0,3,0,1,0
Mistral-7B-Instruct-v0.3,64,4,leave,2,10,12,0,0,0,0,0,0,0,0,0,0,0,0,0,0,0,0,0,0,0,0
Mistral-7B-Instruct-v0.3,65,16,disagreement,0.0,0.0,0.0,0,0,0,0,0,1,1,0,1,0,0,0,0,0,0,0,3,0,1,0
Mistral-7B-Instruct-v0.3,66,16,disagreement,0.0,0.0,0.0,0,0,0,0,0,1,1,0,0,0,0,0,0,0,0,0,2,0,1,0
Mistral-7B-Instruct-v0.3,67,6,leave,0,4,4,0,0,0,1,0,0,0,0,0,0,0,0,0,0,0,1,0,0,1,1
Mistral-7B-Instruct-v0.3,68,1,leave,0,4,4,0,0,0,1,0,0,0,0,0,0,0,0,0,0,0,1,0,0,1,1
Mistral-7B-Instruct-v0.3,69,16,disagreement,0.0,0.0,0.0,0,0,0,0,0,1,1,0,0,0,0,0,0,0,0,0,2,0,1,0
Mistral-7B-Instruct-v0.3,6,4,leave,3,10,13,0,0,0,0,0,0,0,0,0,0,0,0,0,0,0,0,0,0,0,0
Mistral-7B-Instruct-v0.3,70,16,disagreement,0.0,0.0,0.0,0,0,0,0,0,1,1,0,0,0,0,0,0,0,0,0,2,0,1,0
Mistral-7B-Instruct-v0.3,71,16,disagreement,0.0,0.0,0.0,0,0,0,0,0,1,1,0,0,0,0,0,0,0,1,0,2,1,1,0
Mistral-7B-Instruct-v0.3,72,2,leave,4,6,10,0,0,0,1,0,0,0,0,0,0,0,0,0,0,0,1,0,0,1,1
Mistral-7B-Instruct-v0.3,73,16,disagreement,0.0,0.0,0.0,0,0,0,0,0,1,1,0,0,0,0,0,0,1,0,0,2,1,1,0
Mistral-7B-Instruct-v0.3,74,16,disagreement,0.0,0.0,0.0,0,0,0,0,0,1,1,0,0,0,0,0,0,0,0,0,2,0,1,0
Mistral-7B-Instruct-v0.3,75,16,implicit,3,10,13,0,1,0,0,0,1,1,0,0,0,0,0,0,0,0,1,2,0,1,1
Mistral-7B-Instruct-v0.3,76,16,disagreement,0.0,0.0,0.0,0,0,0,0,0,0,1,0,0,0,0,0,0,0,0,0,1,0,1,0
Mistral-7B-Instruct-v0.3,77,16,disagreement,0.0,0.0,0.0,0,0,0,0,0,1,1,0,0,0,0,0,0,0,1,0,2,1,1,0
Mistral-7B-Instruct-v0.3,78,16,disagreement,0.0,0.0,0.0,0,0,0,0,0,1,1,0,0,0,0,0,0,1,1,0,2,2,1,0
Mistral-7B-Instruct-v0.3,79,16,disagreement,0.0,0.0,0.0,0,0,0,0,0,1,1,0,0,0,0,0,0,0,1,0,2,1,1,0
Mistral-7B-Instruct-v0.3,7,6,leave,7,5,12,0,0,0,0,0,0,0,0,0,0,0,0,0,0,0,0,0,0,0,0
Mistral-7B-Instruct-v0.3,80,16,implicit,0,7,7,0,1,0,1,0,1,1,0,0,0,0,0,0,1,0,2,2,1,1,1
Mistral-7B-Instruct-v0.3,81,16,implicit,6,10,16,0,1,0,0,0,1,1,0,0,0,0,0,0,0,0,1,2,0,1,1
Mistral-7B-Instruct-v0.3,82,2,leave,6,10,16,0,0,0,0,0,0,0,0,0,0,0,0,0,0,0,0,0,0,0,0
Mistral-7B-Instruct-v0.3,83,16,disagreement,0.0,0.0,0.0,0,0,0,0,0,1,1,0,0,0,0,0,0,0,0,0,2,0,1,0
Mistral-7B-Instruct-v0.3,84,16,implicit,4,10,14,0,1,0,0,0,1,1,0,0,0,0,0,0,0,0,1,2,0,1,1
Mistral-7B-Instruct-v0.3,85,16,disagreement,0.0,0.0,0.0,0,0,0,0,0,1,1,0,0,0,0,0,0,0,0,0,2,0,1,0
Mistral-7B-Instruct-v0.3,86,16,implicit,7,2,9,0,1,0,0,0,1,1,0,0,0,0,0,0,0,0,1,2,0,1,1
Mistral-7B-Instruct-v0.3,87,16,implicit,7,5,12,0,1,0,0,0,1,1,0,0,0,0,0,0,0,0,1,2,0,1,1
Mistral-7B-Instruct-v0.3,88,16,implicit,10,4,14,0,1,0,1,0,1,1,0,0,0,0,0,0,0,1,2,2,1,1,1
Mistral-7B-Instruct-v0.3,89,5,leave,5,0,5,0,0,0,1,0,0,0,0,0,0,0,0,0,0,0,1,0,0,1,1
Mistral-7B-Instruct-v0.3,8,16,implicit,4,8,12,0,1,0,1,0,1,1,0,0,0,0,0,0,0,0,2,2,0,1,1
Mistral-7B-Instruct-v0.3,90,9,leave,4,0,4,0,0,0,1,0,1,0,0,0,0,0,0,0,0,0,1,1,0,1,1
Mistral-7B-Instruct-v0.3,91,16,disagreement,0.0,0.0,0.0,0,0,0,0,0,1,1,0,0,0,0,0,0,0,0,0,2,0,1,0
Mistral-7B-Instruct-v0.3,92,8,leave,3,8,11,0,0,0,1,0,0,0,0,0,0,0,0,0,0,0,1,0,0,1,1
Mistral-7B-Instruct-v0.3,93,16,disagreement,0.0,0.0,0.0,0,0,0,0,0,1,1,0,0,0,0,0,0,0,0,0,2,0,1,0
Mistral-7B-Instruct-v0.3,94,12,leave,9,6,15,0,0,0,0,0,1,0,0,0,0,0,0,0,0,0,0,1,0,1,0
Mistral-7B-Instruct-v0.3,95,16,implicit,8,8,16,0,1,0,0,0,1,1,0,0,0,0,0,0,0,0,1,2,0,1,1
Mistral-7B-Instruct-v0.3,96,16,disagreement,0.0,0.0,0.0,0,0,0,0,0,1,1,0,0,0,0,0,0,0,0,0,2,0,1,0
Mistral-7B-Instruct-v0.3,97,16,disagreement,0.0,0.0,0.0,0,0,0,0,0,1,1,0,0,0,0,0,0,0,0,0,2,0,1,0
Mistral-7B-Instruct-v0.3,98,13,leave,6,0,6,0,0,0,1,0,0,0,0,0,0,0,0,0,0,1,1,0,1,1,1
Mistral-7B-Instruct-v0.3,99,16,disagreement,0.0,0.0,0.0,0,0,0,0,0,1,1,0,0,0,0,0,0,0,0,0,2,0,1,0
Mistral-7B-Instruct-v0.3,9,16,implicit,6,6,12,0,1,0,1,0,1,1,0,0,0,0,0,0,0,0,2,2,0,1,1
Qwen2.5-7B-Instruct,0,4,leave,4,1,5,0,0,0,1,0,0,0,0,0,0,0,0,0,0,0,1,0,0,1,1
Qwen2.5-7B-Instruct,10,16,implicit,8,8,16,0,1,0,1,0,1,1,0,0,0,0,0,0,0,0,2,2,0,1,1
Qwen2.5-7B-Instruct,11,16,implicit,8,8,16,0,1,0,1,0,1,1,0,0,0,0,0,0,1,0,2,2,1,1,1
Qwen2.5-7B-Instruct,12,16,disagreement,0.0,0.0,0.0,0,0,0,0,0,1,1,0,0,0,0,0,0,0,0,0,2,0,1,0
Qwen2.5-7B-Instruct,13,8,leave,0,7,7,0,0,0,1,0,1,0,0,0,0,0,1,0,0,0,1,2,0,1,1
Qwen2.5-7B-Instruct,14,16,disagreement,0.0,0.0,0.0,0,0,0,0,0,1,1,0,0,0,0,0,0,0,0,0,2,0,1,0
Qwen2.5-7B-Instruct,15,8,leave,1,3,4,0,0,0,1,0,1,0,0,0,0,0,1,0,0,0,1,2,0,1,1
Qwen2.5-7B-Instruct,16,11,leave,8,0,8,0,0,0,1,0,1,0,0,0,0,0,0,0,0,0,1,1,0,1,1
Qwen2.5-7B-Instruct,17,10,leave,6,7,13,0,0,0,1,0,1,0,0,0,0,0,0,0,0,0,1,1,0,1,1
Qwen2.5-7B-Instruct,18,6,leave,0,6,6,0,0,0,1,0,0,0,0,0,0,0,0,0,0,0,1,0,0,1,1
Qwen2.5-7B-Instruct,19,10,leave,2,9,11,0,0,0,1,0,1,0,0,0,0,0,0,0,0,0,1,1,0,1,1
Qwen2.5-7B-Instruct,1,10,leave,8,8,16,0,0,0,0,0,1,0,0,0,0,0,1,0,0,0,0,2,0,1,0
Qwen2.5-7B-Instruct,20,16,disagreement,0.0,0.0,0.0,0,0,0,0,0,1,1,0,0,0,0,0,0,0,0,0,2,0,1,0
Qwen2.5-7B-Instruct,21,16,leave,3,10,13,0,0,0,0,0,1,1,0,0,0,0,0,0,0,0,0,2,0,1,0
Qwen2.5-7B-Instruct,22,16,implicit,9,6,15,0,1,0,1,0,1,1,0,0,0,0,0,0,0,0,2,2,0,1,1
Qwen2.5-7B-Instruct,23,6,leave,6,9,15,0,0,0,1,0,0,0,0,0,0,0,0,0,0,0,1,0,0,1,1
Qwen2.5-7B-Instruct,24,16,implicit,3,10,13,0,1,0,1,0,1,1,0,0,0,0,0,0,0,0,2,2,0,1,1
Qwen2.5-7B-Instruct,25,10,leave,10,3,13,0,0,0,1,0,1,0,0,0,0,0,0,0,0,0,1,1,0,1,1
Qwen2.5-7B-Instruct,26,8,leave,2,7,9,0,0,0,1,0,1,0,0,0,0,0,0,0,0,0,1,1,0,1,1
Qwen2.5-7B-Instruct,27,4,leave,2,8,10,0,0,0,1,0,0,0,0,0,0,0,0,0,0,0,1,0,0,1,1
Qwen2.5-7B-Instruct,28,6,leave,5,8,13,0,0,0,1,0,0,0,0,0,0,0,0,0,0,0,1,0,0,1,1
Qwen2.5-7B-Instruct,29,16,leave,6,9,15,0,0,0,1,0,1,1,0,0,0,0,0,0,0,0,1,2,0,1,1
Qwen2.5-7B-Instruct,2,16,implicit,9,10,19,0,1,0,0,0,1,1,0,0,0,0,0,0,0,0,1,2,0,1,1
Qwen2.5-7B-Instruct,30,16,implicit,7,3,10,0,1,0,0,0,1,1,0,0,0,0,0,0,0,0,1,2,0,1,1
Qwen2.5-7B-Instruct,31,11,leave,10,6,16,0,0,0,1,0,1,0,0,0,0,0,0,0,0,0,1,1,0,1,1
Qwen2.5-7B-Instruct,32,16,implicit,6,0,6,0,1,0,1,0,1,1,0,0,0,0,0,0,1,0,2,2,1,1,1
Qwen2.5-7B-Instruct,33,5,leave,10,4,14,0,0,0,1,0,0,0,0,0,0,0,0,0,0,0,1,0,0,1,1
Qwen2.5-7B-Instruct,34,10,leave,10,3,13,0,0,0,0,0,1,0,0,0,0,0,0,0,0,0,0,1,0,1,0
Qwen2.5-7B-Instruct,35,7,leave,4,9,13,0,0,0,0,0,0,0,0,0,0,0,0,0,0,0,0,0,0,0,0
Qwen2.5-7B-Instruct,36,8,leave,9,7,16,0,0,0,0,0,0,0,0,0,0,0,0,0,1,0,0,0,1,1,0
Qwen2.5-7B-Instruct,37,6,leave,7,9,16,0,0,0,0,0,0,0,0,0,0,0,0,0,0,0,0,0,0,0,0
Qwen2.5-7B-Instruct,38,16,leave,4,8,12,0,0,0,1,0,1,1,0,0,0,0,0,0,1,1,1,2,2,1,1
Qwen2.5-7B-Instruct,39,8,leave,0,6,6,0,0,0,1,0,0,0,0,0,0,0,0,0,0,0,1,0,0,1,1
Qwen2.5-7B-Instruct,3,11,leave,10,6,16,0,0,0,1,0,1,0,0,0,0,0,1,0,0,0,1,2,0,1,1
Qwen2.5-7B-Instruct,40,8,leave,2,5,7,0,0,0,1,0,0,0,0,0,0,0,1,0,0,0,1,1,0,1,1
Qwen2.5-7B-Instruct,41,13,leave,6,0,6,0,0,0,1,0,1,0,0,0,0,0,0,0,0,0,1,1,0,1,1
Qwen2.5-7B-Instruct,42,6,leave,2,10,12,0,0,0,1,0,0,0,0,0,0,0,0,0,0,0,1,0,0,1,1
Qwen2.5-7B-Instruct,43,16,implicit,10,6,16,0,1,0,1,0,1,1,0,0,0,0,0,0,0,0,2,2,0,1,1
Qwen2.5-7B-Instruct,44,12,leave,3,10,13,0,0,0,1,0,1,0,0,0,0,0,1,0,0,0,1,2,0,1,1
Qwen2.5-7B-Instruct,45,14,leave,5,5,10,0,0,0,1,0,1,0,0,0,0,0,0,0,1,0,1,1,1,1,1
Qwen2.5-7B-Instruct,46,16,implicit,5,7,12,0,1,0,1,0,1,1,0,0,0,0,0,0,0,0,2,2,0,1,1
Qwen2.5-7B-Instruct,47,6,leave,1,5,6,0,0,0,1,0,0,0,0,0,0,0,0,0,0,0,1,0,0,1,1
Qwen2.5-7B-Instruct,48,5,leave,5,1,6,0,0,0,1,0,0,0,0,0,0,0,0,0,0,0,1,0,0,1,1
Qwen2.5-7B-Instruct,49,16,implicit,0,6,6,0,1,0,1,0,1,1,0,0,0,0,0,0,0,0,2,2,0,1,1
Qwen2.5-7B-Instruct,4,10,leave,4,1,5,0,0,0,1,0,1,0,0,0,0,0,0,0,0,0,1,1,0,1,1
Qwen2.5-7B-Instruct,50,10,leave,5,7,12,0,0,0,0,0,1,0,0,0,0,0,0,0,0,0,0,1,0,1,0
Qwen2.5-7B-Instruct,51,14,leave,1,4,5,0,0,0,1,0,1,0,0,0,0,0,1,0,0,0,1,2,0,1,1
Qwen2.5-7B-Instruct,52,11,leave,4,8,12,0,0,0,1,0,1,0,0,0,0,0,0,0,0,0,1,1,0,1,1
Qwen2.5-7B-Instruct,53,16,implicit,2,2,4,0,1,0,1,0,1,1,0,0,0,0,0,0,0,0,2,2,0,1,1
Qwen2.5-7B-Instruct,54,12,leave,4,7,11,0,0,0,0,0,1,0,0,0,0,0,0,0,0,0,0,1,0,1,0
Qwen2.5-7B-Instruct,55,10,leave,6,6,12,0,0,0,0,0,1,0,0,0,0,0,0,0,0,0,0,1,0,1,0
Qwen2.5-7B-Instruct,56,10,leave,6,3,9,0,0,0,1,0,1,0,0,0,0,0,0,0,0,0,1,1,0,1,1
Qwen2.5-7B-Instruct,57,8,leave,2,10,12,0,0,0,0,0,0,0,0,0,0,0,0,0,0,0,0,0,0,0,0
Qwen2.5-7B-Instruct,58,7,leave,4,4,8,0,0,0,1,0,0,0,0,0,0,0,0,0,0,0,1,0,0,1,1
Qwen2.5-7B-Instruct,59,12,leave,8,4,12,0,0,0,1,0,1,0,0,0,0,0,0,0,0,0,1,1,0,1,1
Qwen2.5-7B-Instruct,5,11,leave,1,3,4,0,0,0,1,0,1,0,0,0,0,0,0,0,0,0,1,1,0,1,1
Qwen2.5-7B-Instruct,60,12,leave,2,3,5,0,0,0,1,0,1,0,0,0,0,0,0,0,1,0,1,1,1,1,1
Qwen2.5-7B-Instruct,61,8,leave,3,4,7,0,0,0,0,0,0,0,0,0,0,0,0,0,0,0,0,0,0,0,0
Qwen2.5-7B-Instruct,62,16,leave,3,3,6,0,0,0,1,0,1,1,0,0,0,0,0,0,0,0,1,2,0,1,1
Qwen2.5-7B-Instruct,63,16,implicit,7,7,14,0,1,0,1,0,1,1,0,0,0,0,0,0,0,0,2,2,0,1,1
Qwen2.5-7B-Instruct,64,16,implicit,2,8,10,0,1,0,1,0,1,1,0,0,0,0,0,0,0,0,2,2,0,1,1
Qwen2.5-7B-Instruct,65,16,implicit,4,6,10,0,1,0,1,0,1,1,0,0,0,0,0,0,0,0,2,2,0,1,1
Qwen2.5-7B-Instruct,66,12,leave,8,10,18,0,0,0,0,0,1,0,0,0,0,0,0,0,0,0,0,1,0,1,0
Qwen2.5-7B-Instruct,67,14,leave,6,10,16,0,0,0,0,0,1,0,0,0,0,0,1,0,0,0,0,2,0,1,0
Qwen2.5-7B-Instruct,68,12,leave,0,4,4,0,0,0,1,0,1,0,0,0,0,0,0,0,0,0,1,1,0,1,1
Qwen2.5-7B-Instruct,69,16,implicit,4,4,8,0,1,0,0,0,1,1,0,0,0,0,0,0,0,0,1,2,0,1,1
Qwen2.5-7B-Instruct,6,16,disagreement,0.0,0.0,0.0,0,0,0,0,0,1,1,0,0,0,0,0,0,0,0,0,2,0,1,0
Qwen2.5-7B-Instruct,70,16,implicit,5,6,11,0,1,0,0,0,1,1,0,0,0,0,0,0,0,0,1,2,0,1,1
Qwen2.5-7B-Instruct,71,16,implicit,6,5,11,0,1,0,0,0,1,1,0,0,0,0,0,0,0,0,1,2,0,1,1
Qwen2.5-7B-Instruct,72,10,leave,6,10,16,0,0,0,0,0,1,0,0,0,0,0,1,0,1,0,0,2,1,1,0
Qwen2.5-7B-Instruct,73,16,implicit,4,4,8,0,1,0,1,0,1,1,0,0,0,0,0,0,0,0,2,2,0,1,1
Qwen2.5-7B-Instruct,74,16,leave,6,1,7,0,0,0,1,0,1,1,0,0,0,0,0,0,0,0,1,2,0,1,1
Qwen2.5-7B-Instruct,75,10,leave,3,10,13,0,0,0,0,0,1,0,0,0,0,0,0,0,1,0,0,1,1,1,0
Qwen2.5-7B-Instruct,76,16,disagreement,0.0,0.0,0.0,0,0,0,0,0,1,1,0,0,0,0,0,0,0,0,0,2,0,1,0
Qwen2.5-7B-Instruct,77,13,leave,10,4,14,0,0,0,0,0,1,0,0,0,0,0,0,0,0,0,0,1,0,1,0
Qwen2.5-7B-Instruct,78,8,leave,0,6,6,0,0,0,1,0,1,0,0,0,0,0,0,0,0,0,1,1,0,1,1
Qwen2.5-7B-Instruct,79,6,leave,5,6,11,0,0,0,1,0,0,0,0,0,0,0,0,0,0,0,1,0,0,1,1
Qwen2.5-7B-Instruct,7,13,leave,10,3,13,0,0,0,0,0,1,0,0,0,0,0,0,0,0,0,0,1,0,1,0
Qwen2.5-7B-Instruct,80,16,implicit,10,4,14,0,1,0,1,0,1,1,0,0,0,0,0,0,0,0,2,2,0,1,1
Qwen2.5-7B-Instruct,81,15,leave,4,5,9,0,0,0,1,0,1,0,0,0,0,0,0,0,0,0,1,1,0,1,1
Qwen2.5-7B-Instruct,82,16,disagreement,0.0,0.0,0.0,0,0,0,0,0,1,1,0,0,0,0,0,0,0,0,0,2,0,1,0
Qwen2.5-7B-Instruct,83,6,leave,5,7,12,0,0,0,1,0,0,0,0,0,0,0,0,0,0,0,1,0,0,1,1
Qwen2.5-7B-Instruct,84,12,leave,4,10,14,0,0,0,0,0,1,0,0,0,0,0,0,0,0,0,0,1,0,1,0
Qwen2.5-7B-Instruct,85,7,leave,8,3,11,0,0,0,1,0,1,0,0,0,0,0,1,0,0,0,1,2,0,1,1
Qwen2.5-7B-Instruct,86,12,leave,3,8,11,0,0,0,0,0,1,0,0,0,0,0,1,0,0,0,0,2,0,1,0
Qwen2.5-7B-Instruct,87,16,implicit,6,7,13,0,1,0,0,0,1,1,0,0,0,0,0,0,0,0,1,2,0,1,1
Qwen2.5-7B-Instruct,88,8,leave,10,4,14,0,0,0,1,0,1,0,0,0,0,0,0,0,0,0,1,1,0,1,1
Qwen2.5-7B-Instruct,89,6,leave,3,10,13,0,0,0,1,0,0,0,0,0,0,0,0,0,0,0,1,0,0,1,1
Qwen2.5-7B-Instruct,8,16,leave,6,8,14,0,0,0,0,0,1,1,0,0,0,0,0,0,0,0,0,2,0,1,0
Qwen2.5-7B-Instruct,90,8,leave,6,10,16,0,0,0,0,0,1,0,0,0,0,0,0,0,0,0,0,1,0,1,0
Qwen2.5-7B-Instruct,91,14,leave,2,10,12,0,0,0,0,0,1,0,0,0,0,0,0,0,0,0,0,1,0,1,0
Qwen2.5-7B-Instruct,92,8,leave,2,9,11,0,0,0,1,0,0,0,0,0,0,0,0,0,0,0,1,0,0,1,1
Qwen2.5-7B-Instruct,93,6,leave,1,9,10,0,0,0,0,0,0,0,0,0,0,0,0,0,0,0,0,0,0,0,0
Qwen2.5-7B-Instruct,94,12,leave,9,6,15,0,0,0,0,0,1,0,0,0,0,0,0,0,0,0,0,1,0,1,0
Qwen2.5-7B-Instruct,95,8,leave,6,9,15,0,0,0,0,0,1,0,0,0,0,0,0,0,0,0,0,1,0,1,0
Qwen2.5-7B-Instruct,96,16,implicit,5,6,11,0,1,0,0,0,1,1,0,0,0,0,0,0,0,0,1,2,0,1,1
Qwen2.5-7B-Instruct,97,16,implicit,3,7,10,0,1,0,0,0,1,1,0,0,0,0,0,0,0,0,1,2,0,1,1
Qwen2.5-7B-Instruct,98,16,disagreement,0.0,0.0,0.0,0,0,0,0,0,1,1,0,0,0,0,0,0,0,0,0,2,0,1,0
Qwen2.5-7B-Instruct,99,7,leave,10,4,14,0,0,0,0,0,0,0,0,0,0,0,0,0,0,0,0,0,0,0,0
Qwen2.5-7B-Instruct,9,8,leave,6,6,12,0,0,0,1,0,0,0,0,0,0,0,0,0,0,0,1,0,0,1,1
Qwen3-8B,0,1,leave,8,8,16,0,0,0,0,0,0,0,0,0,0,0,0,0,0,0,0,0,0,0,0
Qwen3-8B,10,1,leave,8,8,16,0,0,0,1,0,0,0,0,0,0,0,0,0,0,0,1,0,0,1,1
Qwen3-8B,11,16,implicit,8,8,16,0,1,0,1,0,1,1,0,0,0,0,0,0,0,0,2,2,0,1,1
Qwen3-8B,12,1,leave,7,0,7,0,0,0,1,0,0,0,0,0,0,0,0,0,0,0,1,0,0,1,1
Qwen3-8B,13,1,leave,10,3,13,0,0,0,0,0,0,0,0,0,0,0,0,0,0,0,0,0,0,0,0
Qwen3-8B,14,2,leave,7,9,16,0,0,0,0,0,0,0,0,0,0,0,0,0,0,0,0,0,0,0,0
Qwen3-8B,15,1,leave,9,7,16,0,0,0,0,0,0,0,0,0,0,0,0,0,0,0,0,0,0,0,0
Qwen3-8B,16,2,leave,5,8,13,0,0,0,0,0,0,0,0,0,0,0,0,0,0,0,0,0,0,0,0
Qwen3-8B,17,1,leave,8,5,13,0,0,0,0,0,0,0,0,0,0,0,0,0,0,0,0,0,0,0,0
Qwen3-8B,18,16,disagreement,0.0,0.0,0.0,0,0,0,0,0,1,1,0,0,0,0,0,0,0,0,0,2,0,1,0
Qwen3-8B,19,1,leave,8,1,9,0,0,0,1,0,0,0,0,0,0,0,0,0,0,0,1,0,0,1,1
Qwen3-8B,1,1,leave,9,6,15,0,0,0,0,0,0,0,0,0,0,0,0,0,0,0,0,0,0,0,0
Qwen3-8B,20,16,disagreement,0.0,0.0,0.0,0,0,0,0,0,1,1,0,0,0,0,0,0,0,0,0,2,0,1,0
Qwen3-8B,21,1,leave,3,10,13,0,0,0,0,0,0,0,0,0,0,0,0,0,0,0,0,0,0,0,0
Qwen3-8B,22,16,disagreement,0.0,0.0,0.0,0,0,0,0,0,1,1,0,0,0,0,0,0,0,0,0,2,0,1,0
Qwen3-8B,23,1,leave,8,3,11,0,0,0,1,0,0,0,0,0,0,0,0,0,0,0,1,0,0,1,1
Qwen3-8B,24,16,disagreement,0.0,0.0,0.0,0,0,0,0,0,1,1,0,0,0,0,1,0,0,0,0,3,0,1,0
Qwen3-8B,25,16,disagreement,0.0,0.0,0.0,0,0,0,0,0,1,1,0,0,0,0,0,0,0,0,0,2,0,1,0
Qwen3-8B,26,1,leave,10,2,12,0,0,0,0,0,0,0,0,0,0,0,0,0,0,0,0,0,0,0,0
Qwen3-8B,27,3,leave,6,5,11,0,0,0,0,0,0,0,0,0,0,0,0,0,0,0,0,0,0,0,0
Qwen3-8B,28,16,implicit,6,5,11,0,1,0,1,0,1,1,0,0,0,0,0,0,0,0,2,2,0,1,1
Qwen3-8B,29,16,disagreement,0.0,0.0,0.0,0,0,0,0,0,1,1,0,0,0,0,0,0,0,0,0,2,0,1,0
Qwen3-8B,2,1,leave,7,0,7,0,0,0,1,0,0,0,0,0,0,0,0,0,0,0,1,0,0,1,1
Qwen3-8B,30,16,disagreement,0.0,0.0,0.0,0,0,0,0,0,1,1,0,0,0,0,1,0,0,0,0,3,0,1,0
Qwen3-8B,31,16,implicit,10,8,18,0,1,0,0,0,1,1,0,0,0,0,0,0,0,0,1,2,0,1,1
Qwen3-8B,32,1,leave,6,10,16,0,0,0,1,0,0,0,0,0,0,0,0,0,0,0,1,0,0,1,1
Qwen3-8B,33,1,leave,10,8,18,0,0,0,0,0,0,0,0,0,0,0,0,0,0,0,0,0,0,0,0
Qwen3-8B,34,1,leave,10,3,13,0,0,0,0,0,0,0,0,0,0,0,0,0,0,0,0,0,0,0,0
Qwen3-8B,35,16,disagreement,0.0,0.0,0.0,0,0,0,0,0,1,1,0,0,0,0,0,0,0,0,0,2,0,1,0
Qwen3-8B,36,16,implicit,9,7,16,0,1,0,0,0,1,1,0,0,0,0,0,0,0,0,1,2,0,1,1
Qwen3-8B,37,6,leave,4,9,13,0,0,0,1,0,0,0,0,0,0,0,0,0,0,0,1,0,0,1,1
Qwen3-8B,38,1,leave,10,8,18,0,0,0,0,0,0,0,0,0,0,0,0,0,0,0,0,0,0,0,0
Qwen3-8B,39,1,leave,10,4,14,0,0,0,0,0,0,0,0,0,0,0,0,0,0,0,0,0,0,0,0
Qwen3-8B,3,16,implicit,10,9,19,0,1,0,0,0,1,1,0,0,0,0,0,0,0,0,1,2,0,1,1
Qwen3-8B,40,1,leave,8,5,13,0,0,0,0,0,0,0,0,0,0,0,0,0,0,0,0,0,0,0,0
Qwen3-8B,41,1,leave,8,4,12,0,0,0,0,0,0,0,0,0,0,0,0,0,0,0,0,0,0,0,0
Qwen3-8B,42,1,leave,10,2,12,0,0,0,0,0,0,0,0,0,0,0,0,0,0,0,0,0,0,0,0
Qwen3-8B,43,16,disagreement,0.0,0.0,0.0,0,0,0,0,0,1,1,0,0,0,0,0,0,0,0,0,2,0,1,0
Qwen3-8B,44,1,leave,6,10,16,0,0,0,1,0,0,0,0,0,0,0,0,0,0,0,1,0,0,1,1
Qwen3-8B,45,1,leave,5,5,10,0,0,0,1,0,0,0,0,0,0,0,0,0,0,0,1,0,0,1,1
Qwen3-8B,46,1,leave,5,9,14,0,0,0,0,0,0,0,0,0,0,0,0,0,0,0,0,0,0,0,0
Qwen3-8B,47,1,leave,9,3,12,0,0,0,1,0,0,0,0,0,0,0,0,0,0,0,1,0,0,1,1
Qwen3-8B,48,16,implicit,8,10,18,0,1,0,0,0,1,1,0,0,0,0,0,0,0,0,1,2,0,1,1
Qwen3-8B,49,1,leave,10,4,14,0,0,0,0,0,0,0,0,0,0,0,0,0,0,0,0,0,0,0,0
Qwen3-8B,4,1,leave,7,9,16,0,0,0,1,0,0,0,0,0,0,0,0,0,0,0,1,0,0,1,1
Qwen3-8B,50,1,leave,6,6,12,0,0,0,1,0,0,0,0,0,0,0,0,0,0,0,1,0,0,1,1
Qwen3-8B,51,1,leave,8,4,12,0,0,0,1,0,0,0,0,0,0,0,0,0,0,0,1,0,0,1,1
Qwen3-8B,52,16,implicit,6,2,8,0,1,0,1,0,1,1,0,0,0,0,0,0,0,0,2,2,0,1,1
Qwen3-8B,53,16,disagreement,0.0,0.0,0.0,0,0,0,0,0,1,1,0,0,0,0,0,0,0,0,0,2,0,1,0
Qwen3-8B,54,1,leave,6,5,11,0,0,0,0,0,0,0,0,0,0,0,0,0,0,0,0,0,0,0,0
Qwen3-8B,55,1,leave,6,4,10,0,0,0,0,0,0,0,0,0,0,0,0,0,0,0,0,0,0,0,0
Qwen3-8B,56,1,leave,8,6,14,0,0,0,0,0,0,0,0,0,0,0,0,0,0,0,0,0,0,0,0
Qwen3-8B,57,2,leave,2,10,12,0,0,0,0,0,0,0,0,0,0,0,0,0,0,0,0,0,0,0,0
Qwen3-8B,58,1,leave,10,6,16,0,0,0,0,0,0,0,0,0,0,0,0,0,0,0,0,0,0,0,0
Qwen3-8B,59,16,implicit,8,7,15,0,1,0,0,0,1,1,0,0,0,0,0,0,0,0,1,2,0,1,1
Qwen3-8B,5,1,leave,9,9,18,0,0,0,0,0,0,0,0,0,0,0,0,0,0,0,0,0,0,0,0
Qwen3-8B,60,1,leave,6,1,7,0,0,0,1,0,0,0,0,0,0,0,0,0,0,0,1,0,0,1,1
Qwen3-8B,61,1,leave,10,2,12,0,0,0,0,0,0,0,0,0,0,0,0,0,0,0,0,0,0,0,0
Qwen3-8B,62,7,leave,7,7,14,0,0,0,1,0,0,0,0,0,0,0,0,0,0,0,1,0,0,1,1
Qwen3-8B,63,1,leave,7,7,14,0,0,0,1,0,0,0,0,0,0,0,0,0,0,0,1,0,0,1,1
Qwen3-8B,64,16,leave,2,10,12,0,0,0,0,0,1,1,0,0,0,0,0,0,0,0,0,2,0,1,0
Qwen3-8B,65,10,leave,4,10,14,0,0,0,0,0,1,0,0,0,0,0,0,0,0,0,0,1,0,1,0
Qwen3-8B,66,16,implicit,8,10,18,0,1,0,0,0,1,1,0,0,0,0,0,0,0,0,1,2,0,1,1
Qwen3-8B,67,1,leave,10,6,16,0,0,0,0,0,0,0,0,0,0,0,0,0,0,0,0,0,0,0,0
Qwen3-8B,68,1,leave,10,6,16,0,0,0,0,0,0,0,0,0,0,0,0,0,0,0,0,0,0,0,0
Qwen3-8B,69,1,leave,9,2,11,0,0,0,0,0,0,0,0,0,0,0,0,0,0,0,0,0,0,0,0
Qwen3-8B,6,1,leave,7,4,11,0,0,0,0,0,0,0,0,0,0,0,0,0,0,0,0,0,0,0,0
Qwen3-8B,70,1,leave,3,6,9,0,0,0,1,0,0,0,0,0,0,0,0,0,0,0,1,0,0,1,1
Qwen3-8B,71,1,leave,9,3,12,0,0,0,0,0,0,0,0,0,0,0,0,0,0,0,0,0,0,0,0
Qwen3-8B,72,1,leave,10,4,14,0,0,0,0,0,0,0,0,0,0,0,0,0,0,0,0,0,0,0,0
Qwen3-8B,73,1,leave,10,6,16,0,0,0,0,0,0,0,0,0,0,0,0,0,0,0,0,0,0,0,0
Qwen3-8B,74,1,leave,10,3,13,0,0,0,0,0,0,0,0,0,0,0,0,0,0,0,0,0,0,0,0
Qwen3-8B,75,1,leave,10,4,14,0,0,0,0,0,0,0,0,0,0,0,0,0,0,0,0,0,0,0,0
Qwen3-8B,76,1,leave,6,2,8,0,0,0,1,0,0,0,0,0,0,0,0,0,0,0,1,0,0,1,1
Qwen3-8B,77,1,leave,10,4,14,0,0,0,0,0,0,0,0,0,0,0,0,0,0,0,0,0,0,0,0
Qwen3-8B,78,1,leave,10,4,14,0,0,0,0,0,0,0,0,0,0,0,0,0,0,0,0,0,0,0,0
Qwen3-8B,79,1,leave,8,2,10,0,0,0,1,0,0,0,0,0,0,0,0,0,0,0,1,0,0,1,1
Qwen3-8B,7,1,leave,7,5,12,0,0,0,0,0,0,0,0,0,0,0,0,0,0,0,0,0,0,0,0
Qwen3-8B,80,14,leave,0,6,6,0,0,0,1,0,1,0,0,0,0,0,0,0,0,0,1,1,0,1,1
Qwen3-8B,81,16,implicit,1,10,11,0,1,0,1,0,1,1,0,0,0,0,0,0,0,0,2,2,0,1,1
Qwen3-8B,82,2,leave,8,5,13,0,0,0,0,0,0,0,0,0,0,0,0,0,0,0,0,0,0,0,0
Qwen3-8B,83,6,leave,10,6,16,0,0,0,0,0,0,0,0,0,0,0,0,0,0,0,0,0,0,0,0
Qwen3-8B,84,2,leave,4,10,14,0,0,0,0,0,0,0,0,0,0,0,0,0,0,0,0,0,0,0,0
Qwen3-8B,85,1,leave,8,5,13,0,0,0,0,0,0,0,0,0,0,0,0,0,0,0,0,0,0,0,0
Qwen3-8B,86,1,leave,7,2,9,0,0,0,0,0,0,0,0,0,0,0,0,0,0,0,0,0,0,0,0
Qwen3-8B,87,1,leave,7,5,12,0,0,0,0,0,0,0,0,0,0,0,0,0,0,0,0,0,0,0,0
Qwen3-8B,88,16,implicit,0,8,8,0,1,0,1,0,1,1,0,0,0,0,0,0,0,0,2,2,0,1,1
Qwen3-8B,89,16,implicit,1,10,11,0,1,0,1,0,1,1,0,0,0,0,0,0,0,0,2,2,0,1,1
Qwen3-8B,8,6,leave,4,10,14,0,0,0,0,0,0,0,0,0,0,0,0,0,0,0,0,0,0,0,0
Qwen3-8B,90,16,disagreement,0.0,0.0,0.0,0,0,0,0,0,1,1,0,0,0,0,0,0,0,0,0,2,0,1,0
Qwen3-8B,91,1,leave,9,6,15,0,0,0,1,0,0,0,0,0,0,0,0,0,0,0,1,0,0,1,1
Qwen3-8B,92,16,disagreement,0.0,0.0,0.0,0,0,0,0,0,1,1,0,0,0,0,1,0,0,0,0,3,0,1,0
Qwen3-8B,93,1,leave,10,3,13,0,0,0,0,0,0,0,0,0,0,0,0,0,0,0,0,0,0,0,0
Qwen3-8B,94,1,leave,9,6,15,0,0,0,0,0,0,0,0,0,0,0,0,0,0,0,0,0,0,0,0
Qwen3-8B,95,1,leave,8,8,16,0,0,0,0,0,0,0,0,0,0,0,0,0,0,0,0,0,0,0,0
Qwen3-8B,96,1,leave,7,5,12,0,0,0,0,0,0,0,0,0,0,0,0,0,0,0,0,0,0,0,0
Qwen3-8B,97,16,disagreement,0.0,0.0,0.0,0,0,0,0,0,1,1,0,0,0,0,0,0,0,0,0,2,0,1,0
Qwen3-8B,98,1,leave,9,0,9,0,0,0,1,0,0,0,0,0,0,0,0,0,0,0,1,0,0,1,1
Qwen3-8B,99,16,disagreement,0.0,0.0,0.0,0,0,0,0,0,1,1,0,0,0,0,1,0,0,0,0,3,0,1,0
Qwen3-8B,9,1,leave,10,4,14,0,0,0,0,0,0,0,0,0,0,0,0,0,0,0,0,0,0,0,0
Qwen_Qwen3-14B,0,16,disagreement,0.0,0.0,0.0,0,0,0,0,0,1,1,0,0,0,0,0,0,0,0,0,2,0,1,0
Qwen_Qwen3-14B,10,16,implicit,7,8,15,0,1,0,1,0,1,1,0,0,0,0,0,0,0,0,2,2,0,1,1
Qwen_Qwen3-14B,11,16,implicit,8,9,17,0,1,0,0,0,1,1,0,0,0,0,0,0,0,0,1,2,0,1,1
Qwen_Qwen3-14B,12,16,implicit,6,6,12,0,1,0,0,0,1,1,0,0,0,0,0,0,0,0,1,2,0,1,1
Qwen_Qwen3-14B,13,16,implicit,2,9,11,0,1,0,0,0,1,1,0,0,0,0,0,0,0,0,1,2,0,1,1
Qwen_Qwen3-14B,14,16,implicit,6,10,16,0,1,0,0,0,1,1,0,0,0,0,0,0,0,0,1,2,0,1,1
Qwen_Qwen3-14B,15,1,leave,10,6,16,0,0,0,0,0,0,0,0,0,0,0,0,0,0,0,0,0,0,0,0
Qwen_Qwen3-14B,16,16,implicit,5,8,13,0,1,0,0,0,1,1,0,0,0,0,0,0,0,0,1,2,0,1,1
Qwen_Qwen3-14B,17,16,implicit,8,5,13,0,1,0,0,0,1,1,0,0,0,0,0,0,0,0,1,2,0,1,1
Qwen_Qwen3-14B,18,16,disagreement,0.0,0.0,0.0,0,0,0,0,0,1,1,0,0,0,0,0,0,0,0,0,2,0,1,0
Qwen_Qwen3-14B,19,16,implicit,4,10,14,0,1,0,0,0,1,1,0,0,0,0,0,0,0,0,1,2,0,1,1
Qwen_Qwen3-14B,1,16,implicit,8,8,16,0,1,0,0,0,1,1,0,0,0,0,0,0,0,0,1,2,0,1,1
Qwen_Qwen3-14B,20,1,leave,10,1,11,0,0,0,1,0,0,0,0,0,0,0,0,0,0,0,1,0,0,1,1
Qwen_Qwen3-14B,21,16,implicit,7,8,15,0,1,0,1,0,1,1,0,0,0,0,0,0,0,0,2,2,0,1,1
Qwen_Qwen3-14B,22,1,leave,10,1,11,0,0,0,0,0,0,0,0,0,0,0,0,0,0,0,0,0,0,0,0
Qwen_Qwen3-14B,23,16,implicit,6,9,15,0,1,0,1,0,1,1,0,0,0,0,0,0,0,0,2,2,0,1,1
Qwen_Qwen3-14B,24,16,implicit,5,10,15,0,1,0,0,0,1,1,0,0,0,0,0,0,0,0,1,2,0,1,1
Qwen_Qwen3-14B,25,16,implicit,10,5,15,0,1,0,0,0,1,1,0,0,0,0,0,0,0,0,1,2,0,1,1
Qwen_Qwen3-14B,26,2,leave,8,4,12,0,0,0,0,0,0,0,0,0,0,0,0,0,0,0,0,0,0,0,0
Qwen_Qwen3-14B,27,16,implicit,5,6,11,0,1,0,0,0,1,1,0,0,0,0,0,0,0,0,1,2,0,1,1
Qwen_Qwen3-14B,28,16,implicit,8,6,14,0,1,0,1,0,1,1,0,0,0,0,0,0,0,0,2,2,0,1,1
Qwen_Qwen3-14B,29,16,implicit,6,10,16,0,1,0,0,0,1,1,0,0,0,0,0,0,0,0,1,2,0,1,1
Qwen_Qwen3-14B,2,16,implicit,7,10,17,0,1,0,1,0,1,1,0,0,0,0,0,0,0,0,2,2,0,1,1
Qwen_Qwen3-14B,30,16,implicit,3,7,10,0,1,0,0,0,1,1,0,0,0,0,0,0,0,0,1,2,0,1,1
Qwen_Qwen3-14B,31,16,implicit,10,8,18,0,1,0,0,0,1,1,0,0,0,0,0,0,0,0,1,2,0,1,1
Qwen_Qwen3-14B,32,2,leave,8,10,18,0,0,0,0,0,0,0,0,0,0,0,0,0,0,0,0,0,0,0,0
Qwen_Qwen3-14B,33,16,implicit,10,8,18,0,1,0,0,0,1,1,0,0,0,0,0,0,0,0,1,2,0,1,1
Qwen_Qwen3-14B,34,1,leave,10,2,12,0,0,0,1,0,0,0,0,0,0,0,0,0,0,0,1,0,0,1,1
Qwen_Qwen3-14B,35,16,disagreement,0.0,0.0,0.0,0,0,0,0,0,1,1,0,0,0,0,1,0,0,0,0,3,0,1,0
Qwen_Qwen3-14B,36,16,implicit,9,7,16,0,1,0,0,0,1,1,0,0,0,0,0,0,0,0,1,2,0,1,1
Qwen_Qwen3-14B,37,16,implicit,6,10,16,0,1,0,0,0,1,1,0,0,0,0,0,0,0,0,1,2,0,1,1
Qwen_Qwen3-14B,38,16,implicit,10,8,18,0,1,0,0,0,1,1,0,0,0,0,0,0,0,0,1,2,0,1,1
Qwen_Qwen3-14B,39,16,implicit,8,10,18,0,1,0,0,0,1,1,0,0,0,0,0,0,0,0,1,2,0,1,1
Qwen_Qwen3-14B,3,16,implicit,10,9,19,0,1,0,0,0,1,1,0,0,0,0,0,0,0,0,1,2,0,1,1
Qwen_Qwen3-14B,40,16,implicit,4,8,12,0,1,0,0,0,1,1,0,0,0,0,0,0,0,0,1,2,0,1,1
Qwen_Qwen3-14B,41,16,implicit,5,8,13,0,1,0,0,0,1,1,0,0,0,0,0,0,0,0,1,2,0,1,1
Qwen_Qwen3-14B,42,16,implicit,4,10,14,0,1,0,0,0,1,1,0,0,0,0,0,0,0,0,1,2,0,1,1
Qwen_Qwen3-14B,43,16,implicit,10,8,18,0,1,0,0,0,1,1,0,0,0,0,0,0,0,0,1,2,0,1,1
Qwen_Qwen3-14B,44,16,implicit,8,10,18,0,1,0,0,0,1,1,0,0,0,0,0,0,0,0,1,2,0,1,1
Qwen_Qwen3-14B,45,16,implicit,7,5,12,0,1,0,1,0,1,1,0,0,0,0,0,0,0,0,2,2,0,1,1
Qwen_Qwen3-14B,46,16,implicit,5,9,14,0,1,0,0,0,1,1,0,0,0,0,0,0,0,0,1,2,0,1,1
Qwen_Qwen3-14B,47,16,implicit,9,9,18,0,1,0,0,0,1,1,0,0,0,0,0,0,0,0,1,2,0,1,1
Qwen_Qwen3-14B,48,16,implicit,8,10,18,0,1,0,0,0,1,1,0,0,0,0,0,0,0,0,1,2,0,1,1
Qwen_Qwen3-14B,49,16,implicit,7,5,12,0,1,0,0,0,1,1,0,0,0,0,0,0,0,0,1,2,0,1,1
Qwen_Qwen3-14B,4,16,implicit,7,9,16,0,1,0,1,0,1,1,0,0,0,0,0,0,0,0,2,2,0,1,1
Qwen_Qwen3-14B,50,7,leave,5,7,12,0,0,0,0,0,0,0,0,0,0,0,0,0,0,0,0,0,0,0,0
Qwen_Qwen3-14B,51,16,implicit,10,6,16,0,1,0,0,0,1,1,0,0,0,0,0,0,0,0,1,2,0,1,1
Qwen_Qwen3-14B,52,16,implicit,8,6,14,0,1,0,0,0,1,1,0,0,0,0,0,0,0,0,1,2,0,1,1
Qwen_Qwen3-14B,53,16,implicit,6,10,16,0,1,0,0,0,1,1,0,0,0,0,0,0,0,0,1,2,0,1,1
Qwen_Qwen3-14B,54,16,implicit,4,8,12,0,1,0,0,0,1,1,0,0,0,0,1,0,0,0,1,3,0,1,1
Qwen_Qwen3-14B,55,1,leave,7,4,11,0,0,0,0,0,0,0,0,0,0,0,0,0,0,0,0,0,0,0,0
Qwen_Qwen3-14B,56,16,implicit,8,6,14,0,1,0,0,0,1,1,0,0,0,0,0,0,0,0,1,2,0,1,1
Qwen_Qwen3-14B,57,16,implicit,2,9,11,0,1,0,1,0,1,1,0,0,0,0,1,0,0,0,2,3,0,1,1
Qwen_Qwen3-14B,58,1,leave,10,6,16,0,0,0,0,0,0,0,0,0,0,0,0,0,0,0,0,0,0,0,0
Qwen_Qwen3-14B,59,1,leave,6,4,10,0,0,0,1,0,0,0,0,0,0,0,0,0,0,0,1,0,0,1,1
Qwen_Qwen3-14B,5,16,implicit,9,9,18,0,1,0,0,0,1,1,0,0,0,0,0,0,0,0,1,2,0,1,1
Qwen_Qwen3-14B,60,16,disagreement,0.0,0.0,0.0,0,0,0,0,0,1,1,0,0,0,0,1,0,0,0,0,3,0,1,0
Qwen_Qwen3-14B,61,16,implicit,7,8,15,0,1,0,0,0,1,1,0,0,0,0,0,0,0,0,1,2,0,1,1
Qwen_Qwen3-14B,62,16,implicit,3,7,10,0,1,0,0,0,1,1,0,0,0,0,0,0,0,0,1,2,0,1,1
Qwen_Qwen3-14B,63,16,disagreement,0.0,0.0,0.0,0,0,0,0,0,1,1,0,0,0,0,0,0,0,0,0,2,0,1,0
Qwen_Qwen3-14B,64,16,disagreement,0.0,0.0,0.0,0,0,0,0,0,1,1,0,0,0,0,0,0,0,0,0,2,0,1,0
Qwen_Qwen3-14B,65,16,implicit,10,8,18,0,1,0,0,0,1,1,0,0,0,0,0,0,0,0,1,2,0,1,1
Qwen_Qwen3-14B,66,5,leave,8,4,12,0,0,0,1,0,0,0,0,0,0,0,0,0,0,0,1,0,0,1,1
Qwen_Qwen3-14B,67,16,implicit,6,10,16,0,1,0,0,0,1,1,0,0,0,0,0,0,0,0,1,2,0,1,1
Qwen_Qwen3-14B,68,16,implicit,8,8,16,0,1,0,0,0,1,1,0,0,0,0,0,0,0,0,1,2,0,1,1
Qwen_Qwen3-14B,69,16,implicit,5,8,13,0,1,0,0,0,1,1,0,0,0,0,1,0,0,0,1,3,0,1,1
Qwen_Qwen3-14B,6,16,implicit,5,7,12,0,1,0,0,0,1,1,0,0,0,0,0,0,0,0,1,2,0,1,1
Qwen_Qwen3-14B,70,16,disagreement,0.0,0.0,0.0,0,0,0,0,0,1,1,0,0,0,0,0,0,0,0,0,2,0,1,0
Qwen_Qwen3-14B,71,16,disagreement,0.0,0.0,0.0,0,0,0,0,0,1,1,0,0,0,0,0,0,0,0,0,2,0,1,0
Qwen_Qwen3-14B,72,16,implicit,6,10,16,0,1,0,0,0,1,1,0,0,0,0,0,0,0,0,1,2,0,1,1
Qwen_Qwen3-14B,73,16,implicit,10,6,16,0,1,0,0,0,1,1,0,0,0,0,0,0,0,0,1,2,0,1,1
Qwen_Qwen3-14B,74,2,leave,4,9,13,0,0,0,1,0,0,0,0,0,0,0,0,0,0,0,1,0,0,1,1
Qwen_Qwen3-14B,75,16,implicit,3,10,13,0,1,0,0,0,1,1,0,0,0,0,0,0,0,0,1,2,0,1,1
Qwen_Qwen3-14B,76,16,implicit,4,10,14,0,1,0,0,0,1,1,0,0,0,0,0,0,0,0,1,2,0,1,1
Qwen_Qwen3-14B,77,16,implicit,10,4,14,0,1,0,0,0,1,1,0,0,0,0,0,0,0,0,1,2,0,1,1
Qwen_Qwen3-14B,78,16,implicit,2,10,12,0,1,0,0,0,1,1,0,0,0,0,0,0,0,0,1,2,0,1,1
Qwen_Qwen3-14B,79,16,implicit,7,6,13,0,1,0,0,0,1,1,0,0,0,0,0,0,0,0,1,2,0,1,1
Qwen_Qwen3-14B,7,16,implicit,7,5,12,0,1,0,0,0,1,1,0,0,0,0,0,0,0,0,1,2,0,1,1
Qwen_Qwen3-14B,80,16,implicit,10,6,16,0,1,0,0,0,1,1,0,0,0,0,0,0,0,0,1,2,0,1,1
Qwen_Qwen3-14B,81,16,implicit,4,10,14,0,1,0,1,0,1,1,0,0,0,0,1,0,0,0,2,3,0,1,1
Qwen_Qwen3-14B,82,16,implicit,5,5,10,0,1,0,1,0,1,1,0,0,0,0,0,0,0,0,2,2,0,1,1
Qwen_Qwen3-14B,83,16,implicit,10,6,16,0,1,0,0,0,1,1,0,0,0,0,0,0,0,0,1,2,0,1,1
Qwen_Qwen3-14B,84,16,implicit,4,10,14,0,1,0,0,0,1,1,0,0,0,0,0,0,0,0,1,2,0,1,1
Qwen_Qwen3-14B,85,16,disagreement,0.0,0.0,0.0,0,0,0,0,0,1,1,0,0,0,0,0,0,0,0,0,2,0,1,0
Qwen_Qwen3-14B,86,16,implicit,5,7,12,0,1,0,0,0,1,1,0,0,0,0,0,0,0,0,1,2,0,1,1
Qwen_Qwen3-14B,87,1,leave,7,6,13,0,0,0,0,0,0,0,0,0,0,0,0,0,0,0,0,0,0,0,0
Qwen_Qwen3-14B,88,16,implicit,10,5,15,0,1,0,0,0,1,1,0,0,0,0,0,0,0,0,1,2,0,1,1
Qwen_Qwen3-14B,89,16,implicit,5,10,15,0,1,0,0,0,1,1,0,0,0,0,1,0,0,0,1,3,0,1,1
Qwen_Qwen3-14B,8,1,leave,8,6,14,0,0,0,0,0,0,0,0,0,0,0,0,0,0,0,0,0,0,0,0
Qwen_Qwen3-14B,90,16,implicit,6,10,16,0,1,0,0,0,1,1,0,0,0,0,0,0,0,0,1,2,0,1,1
Qwen_Qwen3-14B,91,16,implicit,10,6,16,0,1,0,0,0,1,1,0,0,0,0,0,0,0,0,1,2,0,1,1
Qwen_Qwen3-14B,92,16,implicit,7,2,9,0,1,0,1,0,1,1,0,0,0,0,0,0,0,0,2,2,0,1,1
Qwen_Qwen3-14B,93,16,implicit,9,4,13,0,1,0,0,0,1,1,0,0,0,0,0,0,0,0,1,2,0,1,1
Qwen_Qwen3-14B,94,16,implicit,8,8,16,0,1,0,0,0,1,1,0,0,0,0,0,0,0,0,1,2,0,1,1
Qwen_Qwen3-14B,95,16,implicit,8,8,16,0,1,0,0,0,1,1,0,0,0,0,0,0,0,0,1,2,0,1,1
Qwen_Qwen3-14B,96,16,implicit,6,7,13,0,1,0,0,0,1,1,0,0,0,0,0,0,0,0,1,2,0,1,1
Qwen_Qwen3-14B,97,1,leave,6,5,11,0,0,0,0,0,0,0,0,0,0,0,0,0,0,0,0,0,0,0,0
Qwen_Qwen3-14B,98,16,disagreement,0.0,0.0,0.0,0,0,0,0,0,1,1,0,0,0,0,0,0,0,0,0,2,0,1,0
Qwen_Qwen3-14B,99,16,implicit,4,6,10,0,1,0,1,0,1,1,0,0,0,0,1,0,0,0,2,3,0,1,1
Qwen_Qwen3-14B,9,1,leave,10,4,14,0,0,0,0,0,0,0,0,0,0,0,0,0,0,0,0,0,0,0,0
allenai_OLMo-3-7B-Instruct,0,2,leave,6,9,15,0,0,0,0,0,0,0,0,0,0,0,0,0,0,0,0,0,0,0,0
allenai_OLMo-3-7B-Instruct,10,16,disagreement,0.0,0.0,0.0,0,0,0,0,0,1,1,0,0,0,0,0,0,0,0,0,2,0,1,0
allenai_OLMo-3-7B-Instruct,11,16,disagreement,0.0,0.0,0.0,0,0,0,0,0,1,1,0,0,0,0,0,0,0,0,0,2,0,1,0
allenai_OLMo-3-7B-Instruct,12,16,disagreement,0.0,0.0,0.0,0,0,0,0,0,1,1,0,0,0,0,1,0,0,0,0,3,0,1,0
allenai_OLMo-3-7B-Instruct,13,16,disagreement,0.0,0.0,0.0,0,0,0,0,0,1,1,0,0,0,0,0,0,0,0,0,2,0,1,0
allenai_OLMo-3-7B-Instruct,14,2,leave,8,2,10,0,0,0,0,0,0,0,0,0,0,0,0,0,0,0,0,0,0,0,0
allenai_OLMo-3-7B-Instruct,15,16,implicit,8,8,16,0,1,0,0,0,1,1,0,0,0,0,0,0,0,0,1,2,0,1,1
allenai_OLMo-3-7B-Instruct,16,16,implicit,8,6,14,0,1,0,0,0,1,1,0,0,0,0,0,0,0,0,1,2,0,1,1
allenai_OLMo-3-7B-Instruct,17,16,implicit,6,7,13,0,1,0,1,0,1,1,0,0,0,0,0,0,0,0,2,2,0,1,1
allenai_OLMo-3-7B-Instruct,18,2,leave,9,5,14,0,0,0,0,0,0,0,0,0,0,0,0,0,0,0,0,0,0,0,0
allenai_OLMo-3-7B-Instruct,19,16,implicit,6,1,7,0,1,0,1,0,1,1,0,0,0,0,0,0,0,0,2,2,0,1,1
allenai_OLMo-3-7B-Instruct,1,16,implicit,7,10,17,0,1,0,0,0,1,1,0,0,0,0,0,0,0,0,1,2,0,1,1
allenai_OLMo-3-7B-Instruct,20,16,disagreement,0.0,0.0,0.0,0,0,0,0,0,1,1,0,0,0,0,0,0,0,0,0,2,0,1,0
allenai_OLMo-3-7B-Instruct,21,2,leave,8,8,16,0,0,0,1,0,0,0,0,0,0,0,0,0,0,0,1,0,0,1,1
allenai_OLMo-3-7B-Instruct,22,16,disagreement,0.0,0.0,0.0,0,0,0,0,0,1,1,0,0,0,0,0,0,0,0,0,2,0,1,0
allenai_OLMo-3-7B-Instruct,23,16,implicit,1,10,11,0,1,0,0,0,1,1,0,0,0,0,0,0,0,0,1,2,0,1,1
allenai_OLMo-3-7B-Instruct,24,16,disagreement,0.0,0.0,0.0,0,0,0,0,0,1,1,0,0,0,0,0,0,0,0,0,2,0,1,0
allenai_OLMo-3-7B-Instruct,25,16,implicit,10,5,15,0,1,0,0,0,1,1,0,0,0,0,0,0,0,0,1,2,0,1,1
allenai_OLMo-3-7B-Instruct,26,16,implicit,6,5,11,0,1,0,0,0,1,1,0,0,0,0,0,0,0,0,1,2,0,1,1
allenai_OLMo-3-7B-Instruct,27,16,implicit,5,4,9,0,1,0,1,0,1,1,0,0,0,0,0,0,0,0,2,2,0,1,1
allenai_OLMo-3-7B-Instruct,28,16,implicit,10,6,16,0,1,0,0,0,1,1,0,0,0,0,0,0,0,0,1,2,0,1,1
allenai_OLMo-3-7B-Instruct,29,16,disagreement,0.0,0.0,0.0,0,0,0,0,0,1,1,0,0,0,0,0,0,0,0,0,2,0,1,0
allenai_OLMo-3-7B-Instruct,2,16,disagreement,0.0,0.0,0.0,0,0,0,0,0,1,1,0,0,0,0,1,0,0,0,0,3,0,1,0
allenai_OLMo-3-7B-Instruct,30,16,implicit,7,3,10,0,1,0,0,0,1,1,0,0,0,0,0,0,0,0,1,2,0,1,1
allenai_OLMo-3-7B-Instruct,31,2,leave,10,8,18,0,0,0,0,0,0,0,0,0,0,0,0,0,0,0,0,0,0,0,0
allenai_OLMo-3-7B-Instruct,32,16,implicit,8,10,18,0,1,0,0,0,1,1,0,0,0,0,0,0,0,0,1,2,0,1,1
allenai_OLMo-3-7B-Instruct,33,16,disagreement,0.0,0.0,0.0,0,0,0,0,0,1,1,0,0,0,0,0,0,0,0,0,2,0,1,0
allenai_OLMo-3-7B-Instruct,34,16,implicit,2,7,9,0,1,0,1,0,1,1,0,0,0,0,0,0,0,0,2,2,0,1,1
allenai_OLMo-3-7B-Instruct,35,16,implicit,5,2,7,0,1,0,1,0,1,1,0,0,0,0,0,0,0,0,2,2,0,1,1
allenai_OLMo-3-7B-Instruct,36,16,disagreement,0.0,0.0,0.0,0,0,0,0,0,1,1,0,0,0,0,0,0,0,0,0,2,0,1,0
allenai_OLMo-3-7B-Instruct,37,16,implicit,6,10,16,0,1,0,0,0,1,1,0,0,0,0,0,0,0,0,1,2,0,1,1
allenai_OLMo-3-7B-Instruct,38,2,leave,7,7,14,0,0,0,1,0,0,0,0,0,0,0,0,0,0,0,1,0,0,1,1
allenai_OLMo-3-7B-Instruct,39,16,implicit,8,10,18,0,1,0,0,0,1,1,0,0,0,0,0,0,0,0,1,2,0,1,1
allenai_OLMo-3-7B-Instruct,3,16,implicit,10,9,19,0,1,0,0,0,1,1,0,0,0,0,0,0,0,0,1,2,0,1,1
allenai_OLMo-3-7B-Instruct,40,16,implicit,6,6,12,0,1,0,0,0,1,1,0,0,0,0,0,0,0,0,1,2,0,1,1
allenai_OLMo-3-7B-Instruct,41,2,leave,6,4,10,0,0,0,1,0,0,0,0,0,0,0,0,0,0,0,1,0,0,1,1
allenai_OLMo-3-7B-Instruct,42,10,leave,6,2,8,0,0,0,1,0,1,0,0,0,0,0,0,0,0,0,1,1,0,1,1
allenai_OLMo-3-7B-Instruct,43,16,implicit,10,8,18,0,1,0,0,0,1,1,0,0,0,0,0,0,0,0,1,2,0,1,1
allenai_OLMo-3-7B-Instruct,44,2,leave,6,10,16,0,0,0,1,0,0,0,0,0,0,0,0,0,0,0,1,0,0,1,1
allenai_OLMo-3-7B-Instruct,45,2,leave,5,5,10,0,0,0,1,0,0,0,0,0,0,0,0,0,0,0,1,0,0,1,1
allenai_OLMo-3-7B-Instruct,46,16,implicit,5,9,14,0,1,0,0,0,1,1,0,0,0,0,0,0,0,0,1,2,0,1,1
allenai_OLMo-3-7B-Instruct,47,16,implicit,9,9,18,0,1,0,0,0,1,1,0,0,0,0,0,0,0,0,1,2,0,1,1
allenai_OLMo-3-7B-Instruct,48,16,implicit,1,9,10,0,1,0,1,0,1,1,0,0,0,0,0,0,0,0,2,2,0,1,1
allenai_OLMo-3-7B-Instruct,49,16,disagreement,0.0,0.0,0.0,0,0,0,0,0,1,1,0,0,0,0,0,0,0,0,0,2,0,1,0
allenai_OLMo-3-7B-Instruct,4,16,implicit,9,9,18,0,1,0,0,0,1,1,0,0,0,0,0,0,0,0,1,2,0,1,1
allenai_OLMo-3-7B-Instruct,50,16,disagreement,0.0,0.0,0.0,0,0,0,0,0,1,1,0,0,0,0,0,0,0,0,0,2,0,1,0
allenai_OLMo-3-7B-Instruct,51,16,disagreement,0.0,0.0,0.0,0,0,0,0,0,1,1,0,0,0,0,0,0,0,0,0,2,0,1,0
allenai_OLMo-3-7B-Instruct,52,16,implicit,8,2,10,0,1,0,1,0,1,1,0,0,0,0,0,0,0,0,2,2,0,1,1
allenai_OLMo-3-7B-Instruct,53,16,implicit,6,10,16,0,1,0,0,0,1,1,0,0,0,0,0,0,0,0,1,2,0,1,1
allenai_OLMo-3-7B-Instruct,54,16,implicit,2,9,11,0,1,0,0,0,1,1,0,0,0,0,0,0,0,0,1,2,0,1,1
allenai_OLMo-3-7B-Instruct,55,16,disagreement,0.0,0.0,0.0,0,0,0,0,0,1,1,0,0,0,0,0,0,0,0,0,2,0,1,0
allenai_OLMo-3-7B-Instruct,56,16,implicit,4,4,8,0,1,0,1,0,1,1,0,0,0,0,0,0,0,0,2,2,0,1,1
allenai_OLMo-3-7B-Instruct,57,16,disagreement,0.0,0.0,0.0,0,0,0,0,0,1,1,0,0,0,0,0,0,0,0,0,2,0,1,0
allenai_OLMo-3-7B-Instruct,58,16,implicit,10,6,16,0,1,0,0,0,1,1,0,0,0,0,0,0,0,0,1,2,0,1,1
allenai_OLMo-3-7B-Instruct,59,16,disagreement,0.0,0.0,0.0,0,0,0,0,0,1,1,0,0,0,0,0,0,0,0,0,2,0,1,0
allenai_OLMo-3-7B-Instruct,5,16,implicit,9,9,18,0,1,0,0,0,0,1,0,0,0,0,0,0,0,0,1,1,0,1,1
allenai_OLMo-3-7B-Instruct,60,16,implicit,6,1,7,0,1,0,1,0,1,1,0,0,0,0,0,0,0,0,2,2,0,1,1
allenai_OLMo-3-7B-Instruct,61,16,implicit,9,4,13,0,1,0,0,0,1,1,0,0,0,0,0,0,0,0,1,2,0,1,1
allenai_OLMo-3-7B-Instruct,62,16,disagreement,0.0,0.0,0.0,0,0,0,0,0,1,1,0,0,0,0,0,0,0,0,0,2,0,1,0
allenai_OLMo-3-7B-Instruct,63,16,disagreement,0.0,0.0,0.0,0,0,0,0,0,1,1,0,0,0,0,1,0,0,0,0,3,0,1,0
allenai_OLMo-3-7B-Instruct,64,16,implicit,10,2,12,0,1,0,0,0,1,1,0,0,0,0,0,0,0,0,1,2,0,1,1
allenai_OLMo-3-7B-Instruct,65,16,implicit,6,8,14,0,1,0,1,0,1,1,0,0,0,0,0,0,0,0,2,2,0,1,1
allenai_OLMo-3-7B-Instruct,66,2,leave,10,4,14,0,0,0,0,0,0,0,0,0,0,0,0,0,0,0,0,0,0,0,0
allenai_OLMo-3-7B-Instruct,67,16,implicit,8,8,16,0,1,0,0,0,1,1,0,0,0,0,0,0,0,0,1,2,0,1,1
allenai_OLMo-3-7B-Instruct,68,16,implicit,10,6,16,0,1,0,0,0,1,1,1,0,0,0,0,0,0,0,1,3,0,1,1
allenai_OLMo-3-7B-Instruct,69,16,disagreement,0.0,0.0,0.0,0,0,0,0,0,1,1,0,0,0,0,0,0,0,0,0,2,0,1,0
allenai_OLMo-3-7B-Instruct,6,2,leave,5,7,12,0,0,0,0,0,0,0,0,0,0,0,0,0,0,0,0,0,0,0,0
allenai_OLMo-3-7B-Instruct,70,16,implicit,2,10,12,0,1,0,0,0,1,1,0,0,0,0,0,0,0,0,1,2,0,1,1
allenai_OLMo-3-7B-Instruct,71,16,implicit,9,3,12,0,1,0,0,0,1,1,0,0,0,0,0,0,0,0,1,2,0,1,1
allenai_OLMo-3-7B-Instruct,72,2,leave,6,4,10,0,0,0,1,0,0,0,0,0,0,0,0,0,0,0,1,0,0,1,1
allenai_OLMo-3-7B-Instruct,73,16,implicit,10,6,16,0,1,0,0,0,1,1,0,0,0,0,0,0,0,0,1,2,0,1,1
allenai_OLMo-3-7B-Instruct,74,16,disagreement,0.0,0.0,0.0,0,0,0,0,0,1,1,0,0,0,0,0,0,0,0,0,2,0,1,0
allenai_OLMo-3-7B-Instruct,75,16,disagreement,0.0,0.0,0.0,0,0,0,0,0,1,1,0,0,0,0,0,0,0,0,0,2,0,1,0
allenai_OLMo-3-7B-Instruct,76,16,implicit,6,2,8,0,1,0,1,0,1,1,0,0,0,0,0,0,0,0,2,2,0,1,1
allenai_OLMo-3-7B-Instruct,77,16,implicit,10,4,14,0,1,0,0,0,1,1,0,0,0,0,0,0,0,0,1,2,0,1,1
allenai_OLMo-3-7B-Instruct,78,16,implicit,2,10,12,0,1,0,0,0,1,1,0,0,0,0,0,0,0,0,1,2,0,1,1
allenai_OLMo-3-7B-Instruct,79,16,implicit,10,2,12,0,1,0,0,0,1,1,0,0,0,0,0,0,0,0,1,2,0,1,1
allenai_OLMo-3-7B-Instruct,7,16,implicit,9,4,13,0,1,0,0,0,1,1,0,0,0,0,0,0,0,0,1,2,0,1,1
allenai_OLMo-3-7B-Instruct,80,16,disagreement,0.0,0.0,0.0,0,0,0,0,0,1,1,0,0,0,0,0,0,0,0,0,2,0,1,0
allenai_OLMo-3-7B-Instruct,81,16,disagreement,0.0,0.0,0.0,0,0,0,0,0,1,1,0,0,0,0,0,0,0,0,0,2,0,1,0
allenai_OLMo-3-7B-Instruct,82,2,leave,6,10,16,0,0,0,0,0,0,0,0,0,0,0,0,0,0,0,0,0,0,0,0
allenai_OLMo-3-7B-Instruct,83,16,implicit,10,6,16,0,1,0,0,0,1,1,0,0,0,0,0,0,0,0,1,2,0,1,1
allenai_OLMo-3-7B-Instruct,84,2,leave,6,2,8,0,0,0,1,0,0,0,0,0,0,0,0,0,0,0,1,0,0,1,1
allenai_OLMo-3-7B-Instruct,85,16,implicit,8,2,10,0,1,0,1,0,1,1,0,0,0,0,0,0,0,0,2,2,0,1,1
allenai_OLMo-3-7B-Instruct,86,2,leave,5,3,8,0,0,0,0,0,0,0,0,0,0,0,0,0,0,0,0,0,0,0,0
allenai_OLMo-3-7B-Instruct,87,14,leave,7,5,12,0,0,0,0,0,1,0,0,0,0,0,0,0,0,0,0,1,0,1,0
allenai_OLMo-3-7B-Instruct,88,16,disagreement,0.0,0.0,0.0,0,0,0,0,0,1,1,0,0,0,0,0,0,0,0,0,2,0,1,0
allenai_OLMo-3-7B-Instruct,89,16,implicit,5,0,5,0,1,0,1,0,1,1,0,0,0,0,0,0,0,0,2,2,0,1,1
allenai_OLMo-3-7B-Instruct,8,16,implicit,8,6,14,0,1,0,0,0,1,1,0,0,0,0,0,0,0,0,1,2,0,1,1
allenai_OLMo-3-7B-Instruct,90,16,implicit,6,2,8,0,1,0,1,0,1,1,0,0,0,0,0,0,0,0,2,2,0,1,1
allenai_OLMo-3-7B-Instruct,91,16,implicit,8,6,14,0,1,0,1,0,1,1,0,0,0,0,0,0,0,0,2,2,0,1,1
allenai_OLMo-3-7B-Instruct,92,16,implicit,5,2,7,0,1,0,1,0,1,1,0,0,0,0,0,0,0,0,2,2,0,1,1
allenai_OLMo-3-7B-Instruct,93,16,implicit,8,5,13,0,1,0,0,0,1,1,0,0,0,0,0,0,0,0,1,2,0,1,1
allenai_OLMo-3-7B-Instruct,94,16,implicit,7,10,17,0,1,0,0,0,1,1,0,0,0,0,0,0,0,0,1,2,0,1,1
allenai_OLMo-3-7B-Instruct,95,16,implicit,4,10,14,0,1,0,0,0,1,1,0,0,0,0,0,0,0,0,1,2,0,1,1
allenai_OLMo-3-7B-Instruct,96,16,implicit,5,6,11,0,1,0,0,0,1,1,0,0,0,0,0,0,0,0,1,2,0,1,1
allenai_OLMo-3-7B-Instruct,97,16,disagreement,0.0,0.0,0.0,0,0,0,0,0,1,1,0,0,0,0,0,0,0,0,0,2,0,1,0
allenai_OLMo-3-7B-Instruct,98,16,disagreement,0.0,0.0,0.0,0,0,0,0,0,1,1,0,0,0,0,0,0,0,0,0,2,0,1,0
allenai_OLMo-3-7B-Instruct,99,16,implicit,6,5,11,0,1,0,0,0,1,1,0,0,0,0,0,0,0,0,1,2,0,1,1
allenai_OLMo-3-7B-Instruct,9,16,disagreement,0.0,0.0,0.0,0,0,0,0,0,1,1,0,0,0,0,0,0,0,0,0,2,0,1,0
gemini-3.1-pro-preview,0,15,implicit,8,8,16,0,1,0,0,0,1,0,0,0,0,0,0,0,0,0,1,1,0,1,1
gemini-3.1-pro-preview,10,15,implicit,6,8,14,0,1,0,1,0,1,0,0,0,0,0,0,0,0,0,2,1,0,1,1
gemini-3.1-pro-preview,11,15,implicit,8,6,14,0,1,0,1,0,1,0,0,0,0,0,0,0,0,0,2,1,0,1,1
gemini-3.1-pro-preview,12,15,implicit,6,6,12,0,1,0,0,0,1,0,0,0,0,0,0,0,0,0,1,1,0,1,1
gemini-3.1-pro-preview,13,15,implicit,6,6,12,0,1,0,0,0,1,0,0,0,0,0,0,0,0,0,1,1,0,1,1
gemini-3.1-pro-preview,14,15,implicit,8,8,16,0,1,0,0,0,1,0,0,0,0,0,0,0,0,0,1,1,0,1,1
gemini-3.1-pro-preview,15,15,implicit,9,7,16,0,1,0,0,0,1,0,0,0,0,0,0,0,0,0,1,1,0,1,1
gemini-3.1-pro-preview,16,15,implicit,6,6,12,0,1,0,1,0,1,0,0,0,0,0,0,0,0,0,2,1,0,1,1
gemini-3.1-pro-preview,17,15,implicit,6,8,14,0,1,0,0,0,1,0,0,0,0,0,0,0,0,0,1,1,0,1,1
gemini-3.1-pro-preview,18,15,implicit,9,5,14,0,1,0,0,0,1,0,0,0,0,0,0,0,0,0,1,1,0,1,1
gemini-3.1-pro-preview,19,15,implicit,5,9,14,0,1,0,0,0,1,0,0,0,0,0,0,0,0,0,1,1,0,1,1
gemini-3.1-pro-preview,1,15,implicit,9,6,15,0,1,0,0,0,1,0,0,0,0,0,0,0,0,0,1,1,0,1,1
gemini-3.1-pro-preview,20,15,implicit,8,7,15,0,1,0,1,0,1,0,0,0,0,0,0,0,0,0,2,1,0,1,1
gemini-3.1-pro-preview,21,15,implicit,7,8,15,0,1,0,1,0,1,0,0,0,0,0,0,0,0,0,2,1,0,1,1
gemini-3.1-pro-preview,22,15,implicit,9,7,16,0,1,0,0,0,1,0,0,0,0,0,0,0,0,0,1,1,0,1,1
gemini-3.1-pro-preview,23,15,implicit,7,9,16,0,1,0,0,0,1,0,0,0,0,0,0,0,0,0,1,1,0,1,1
gemini-3.1-pro-preview,24,15,implicit,5,10,15,0,1,0,0,0,1,0,0,0,0,0,0,0,0,0,1,1,0,1,1
gemini-3.1-pro-preview,25,15,implicit,10,5,15,0,1,0,0,0,1,0,0,0,0,0,0,0,0,0,1,1,0,1,1
gemini-3.1-pro-preview,26,15,implicit,6,5,11,0,1,0,0,0,1,0,0,0,0,0,0,0,0,0,1,1,0,1,1
gemini-3.1-pro-preview,27,15,implicit,5,6,11,0,1,0,0,0,1,0,0,0,0,0,0,0,0,0,1,1,0,1,1
gemini-3.1-pro-preview,28,15,implicit,8,6,14,0,1,0,1,0,1,0,0,0,0,0,0,0,0,0,2,1,0,1,1
gemini-3.1-pro-preview,29,15,disagreement,0.0,0.0,0.0,0,0,0,0,0,1,0,0,0,0,0,0,0,0,0,0,1,0,1,0
gemini-3.1-pro-preview,2,15,implicit,6,10,16,0,1,0,1,0,1,0,0,0,0,0,0,0,0,0,2,1,0,1,1
gemini-3.1-pro-preview,30,15,implicit,4,6,10,0,1,0,0,0,1,0,0,0,0,0,0,0,0,0,1,1,0,1,1
gemini-3.1-pro-preview,31,15,implicit,10,8,18,0,1,0,0,0,1,0,0,0,0,0,0,0,0,0,1,1,0,1,1
gemini-3.1-pro-preview,32,15,implicit,6,10,16,0,1,0,1,0,1,0,0,0,0,0,0,0,0,0,2,1,0,1,1
gemini-3.1-pro-preview,33,15,implicit,10,8,18,0,1,0,0,0,1,0,0,0,0,0,0,0,0,0,1,1,0,1,1
gemini-3.1-pro-preview,34,15,implicit,8,5,13,0,1,0,0,0,1,0,0,0,0,0,0,0,0,0,1,1,0,1,1
gemini-3.1-pro-preview,35,15,implicit,5,8,13,0,1,0,0,0,1,0,0,0,0,0,0,0,0,0,1,1,0,1,1
gemini-3.1-pro-preview,36,15,implicit,9,7,16,0,1,0,0,0,1,0,0,0,0,0,0,0,0,0,1,1,0,1,1
gemini-3.1-pro-preview,37,15,implicit,6,10,16,0,1,0,0,0,1,0,0,0,0,0,0,0,0,0,1,1,0,1,1
gemini-3.1-pro-preview,38,15,implicit,10,8,18,0,1,0,0,0,1,0,0,0,0,0,0,0,0,0,1,1,0,1,1
gemini-3.1-pro-preview,39,15,implicit,8,10,18,0,1,0,0,0,1,0,0,0,0,0,0,0,0,0,1,1,0,1,1
gemini-3.1-pro-preview,3,15,implicit,10,9,19,0,1,0,0,0,1,0,0,0,0,0,0,0,0,0,1,1,0,1,1
gemini-3.1-pro-preview,40,15,implicit,6,6,12,0,1,0,0,0,1,0,0,0,0,0,0,0,0,0,1,1,0,1,1
gemini-3.1-pro-preview,41,15,implicit,6,6,12,0,1,0,0,0,1,0,0,0,0,0,0,0,0,0,1,1,0,1,1
gemini-3.1-pro-preview,42,15,implicit,4,8,12,0,1,0,1,0,1,0,0,0,0,0,0,0,0,0,2,1,0,1,1
gemini-3.1-pro-preview,43,15,implicit,10,8,18,0,1,0,0,0,1,0,0,0,0,0,0,0,0,0,1,1,0,1,1
gemini-3.1-pro-preview,44,15,implicit,8,10,18,0,1,0,0,0,1,0,0,0,0,0,0,0,0,0,1,1,0,1,1
gemini-3.1-pro-preview,45,15,implicit,6,10,16,0,1,0,0,0,1,0,0,0,0,0,0,0,0,0,1,1,0,1,1
gemini-3.1-pro-preview,46,15,implicit,10,6,16,0,1,0,0,0,1,0,0,0,0,0,0,0,0,0,1,1,0,1,1
gemini-3.1-pro-preview,47,15,implicit,10,8,18,0,1,0,0,0,1,0,0,0,0,0,0,0,0,0,1,1,0,1,1
gemini-3.1-pro-preview,48,15,implicit,8,10,18,0,1,0,0,0,1,0,0,0,0,0,0,0,0,0,1,1,0,1,1
gemini-3.1-pro-preview,49,15,implicit,6,8,14,0,1,0,0,0,1,0,0,0,0,0,0,0,0,0,1,1,0,1,1
gemini-3.1-pro-preview,4,15,implicit,5,9,14,0,1,0,1,0,1,0,0,0,0,0,0,0,0,0,2,1,0,1,1
gemini-3.1-pro-preview,50,15,implicit,8,6,14,0,1,0,0,0,1,0,0,0,0,0,0,0,0,0,1,1,0,1,1
gemini-3.1-pro-preview,51,15,implicit,8,6,14,0,1,0,1,0,1,0,0,0,0,0,0,0,0,0,2,1,0,1,1
gemini-3.1-pro-preview,52,15,implicit,8,6,14,0,1,0,0,0,1,0,0,0,0,0,0,0,0,0,1,1,0,1,1
gemini-3.1-pro-preview,53,15,implicit,8,9,17,0,1,0,0,0,1,0,0,0,0,0,0,0,0,0,1,1,0,1,1
gemini-3.1-pro-preview,54,15,implicit,6,6,12,0,1,0,0,0,1,0,0,0,0,0,0,0,0,0,1,1,0,1,1
gemini-3.1-pro-preview,55,15,implicit,6,6,12,0,1,0,0,0,1,0,0,0,0,0,0,0,0,0,1,1,0,1,1
gemini-3.1-pro-preview,56,15,implicit,6,7,13,0,1,0,0,0,1,0,0,0,0,0,0,0,0,0,1,1,0,1,1
gemini-3.1-pro-preview,57,15,implicit,2,8,10,0,1,0,1,0,0,0,0,0,0,0,0,0,0,0,2,0,0,1,1
gemini-3.1-pro-preview,58,15,implicit,7,8,15,0,1,0,0,0,1,0,0,0,0,0,0,0,0,0,1,1,0,1,1
gemini-3.1-pro-preview,59,15,implicit,8,7,15,0,1,0,0,0,1,0,0,0,0,0,0,0,0,0,1,1,0,1,1
gemini-3.1-pro-preview,5,15,implicit,9,5,14,0,1,0,1,0,1,0,0,0,0,0,0,0,0,0,2,1,0,1,1
gemini-3.1-pro-preview,60,15,implicit,8,7,15,0,1,0,0,0,1,0,0,0,0,0,0,0,0,0,1,1,0,1,1
gemini-3.1-pro-preview,61,15,implicit,7,8,15,0,1,0,0,0,1,0,0,0,0,0,0,0,0,0,1,1,0,1,1
gemini-3.1-pro-preview,62,15,implicit,7,9,16,0,1,0,0,0,1,0,0,0,0,0,0,0,0,0,1,1,0,1,1
gemini-3.1-pro-preview,63,15,implicit,9,7,16,0,1,0,0,0,1,0,0,0,0,0,0,0,0,0,1,1,0,1,1
gemini-3.1-pro-preview,64,15,implicit,2,8,10,0,1,0,1,0,1,0,0,0,0,0,0,0,0,0,2,1,0,1,1
gemini-3.1-pro-preview,65,15,implicit,10,8,18,0,1,0,0,0,1,0,0,0,0,0,0,0,0,0,1,1,0,1,1
gemini-3.1-pro-preview,66,15,implicit,8,10,18,0,1,0,0,0,1,0,0,0,0,0,0,0,0,0,1,1,0,1,1
gemini-3.1-pro-preview,67,15,implicit,8,8,16,0,1,0,0,0,1,0,0,0,0,0,0,0,0,0,1,1,0,1,1
gemini-3.1-pro-preview,68,15,implicit,8,8,16,0,1,0,0,0,1,0,0,0,0,0,0,0,0,0,1,1,0,1,1
gemini-3.1-pro-preview,69,15,disagreement,0.0,0.0,0.0,0,0,0,0,0,1,0,0,0,0,0,0,0,0,0,0,1,0,1,0
gemini-3.1-pro-preview,6,15,implicit,5,7,12,0,1,0,0,0,1,0,0,0,0,0,0,0,0,0,1,1,0,1,1
gemini-3.1-pro-preview,70,15,implicit,5,6,11,0,1,0,0,0,1,0,0,0,0,0,0,0,0,0,1,1,0,1,1
gemini-3.1-pro-preview,71,15,implicit,6,5,11,0,1,0,0,0,1,0,0,0,0,0,0,0,0,0,1,1,0,1,1
gemini-3.1-pro-preview,72,15,implicit,6,6,12,0,1,0,1,0,1,0,0,0,0,0,0,0,0,0,2,1,0,1,1
gemini-3.1-pro-preview,73,15,implicit,7,8,15,0,1,0,0,0,1,0,0,0,0,0,0,0,0,0,1,1,0,1,1
gemini-3.1-pro-preview,74,15,implicit,4,7,11,0,1,0,1,0,1,0,0,0,0,0,0,0,0,0,2,1,0,1,1
gemini-3.1-pro-preview,75,15,implicit,7,4,11,0,1,0,1,0,1,0,0,0,0,0,0,0,0,0,2,1,0,1,1
gemini-3.1-pro-preview,76,15,implicit,4,8,12,0,1,0,1,0,1,0,0,0,0,0,0,0,0,0,2,1,0,1,1
gemini-3.1-pro-preview,77,15,implicit,8,4,12,0,1,0,1,0,1,0,0,0,0,0,0,0,0,0,2,1,0,1,1
gemini-3.1-pro-preview,78,15,implicit,6,7,13,0,1,0,0,0,1,0,0,0,0,0,0,0,0,0,1,1,0,1,1
gemini-3.1-pro-preview,79,15,implicit,7,6,13,0,1,0,0,0,1,0,0,0,0,0,0,0,0,0,1,1,0,1,1
gemini-3.1-pro-preview,7,15,implicit,6,6,12,0,1,0,0,0,1,0,0,0,0,0,0,0,0,0,1,1,0,1,1
gemini-3.1-pro-preview,80,15,implicit,10,6,16,0,1,0,0,0,1,0,0,0,0,0,0,0,0,0,1,1,0,1,1
gemini-3.1-pro-preview,81,15,implicit,6,10,16,0,1,0,0,0,1,0,0,0,0,0,0,0,0,0,1,1,0,1,1
gemini-3.1-pro-preview,82,15,implicit,6,10,16,0,1,0,0,0,1,0,0,0,0,0,0,0,0,0,1,1,0,1,1
gemini-3.1-pro-preview,83,15,implicit,5,8,13,0,1,0,0,0,1,0,0,0,0,0,0,0,0,0,1,1,0,1,1
gemini-3.1-pro-preview,84,15,implicit,5,8,13,0,1,0,0,0,1,0,0,0,0,0,0,0,0,0,1,1,0,1,1
gemini-3.1-pro-preview,85,15,implicit,8,5,13,0,1,0,0,0,1,0,0,0,0,0,0,0,0,0,1,1,0,1,1
gemini-3.1-pro-preview,86,15,implicit,7,6,13,0,1,0,0,0,1,0,0,0,0,0,0,0,0,0,1,1,0,1,1
gemini-3.1-pro-preview,87,15,implicit,6,7,13,0,1,0,0,0,1,0,0,0,0,0,0,0,0,0,1,1,0,1,1
gemini-3.1-pro-preview,88,15,implicit,10,5,15,0,1,0,0,0,1,0,0,0,0,0,0,0,0,0,1,1,0,1,1
gemini-3.1-pro-preview,89,15,implicit,5,10,15,0,1,0,0,0,1,0,0,0,0,0,0,0,0,0,1,1,0,1,1
gemini-3.1-pro-preview,8,15,implicit,8,6,14,0,1,0,0,0,1,0,0,0,0,0,0,0,0,0,1,1,0,1,1
gemini-3.1-pro-preview,90,15,implicit,6,8,14,0,1,0,1,0,1,0,0,0,0,0,0,0,0,0,2,1,0,1,1
gemini-3.1-pro-preview,91,15,implicit,8,6,14,0,1,0,1,0,1,0,0,0,0,0,0,0,0,0,2,1,0,1,1
gemini-3.1-pro-preview,92,15,implicit,5,8,13,0,1,0,0,0,1,0,0,0,0,0,0,0,0,0,1,1,0,1,1
gemini-3.1-pro-preview,93,15,implicit,8,5,13,0,1,0,0,0,1,0,0,0,0,0,0,0,0,0,1,1,0,1,1
gemini-3.1-pro-preview,94,15,implicit,8,8,16,0,1,0,0,0,1,0,0,0,0,0,0,0,0,0,1,1,0,1,1
gemini-3.1-pro-preview,95,15,implicit,8,8,16,0,1,0,0,0,1,0,0,0,0,0,0,0,0,0,1,1,0,1,1
gemini-3.1-pro-preview,96,15,implicit,6,7,13,0,1,0,0,0,1,0,0,0,0,0,0,0,0,0,1,1,0,1,1
gemini-3.1-pro-preview,97,15,implicit,6,5,11,0,1,0,0,0,1,0,0,0,0,0,0,0,0,0,1,1,0,1,1
gemini-3.1-pro-preview,98,15,implicit,5,6,11,0,1,0,0,0,1,0,0,0,0,0,0,0,0,0,1,1,0,1,1
gemini-3.1-pro-preview,99,15,implicit,6,5,11,0,1,0,0,0,1,0,0,0,0,0,0,0,0,0,1,1,0,1,1
gemini-3.1-pro-preview,9,15,implicit,6,8,14,0,1,0,0,0,1,0,0,0,0,0,0,0,0,0,1,1,0,1,1
