checkpoint_label,question_id,n_cues
Base,q0001,18
Base,q0003,18
Base,q0004,9
Base,q0005,13
Base,q0006,18
Base,q0009,4
Base,q0010,17
Base,q0011,1
Base,q0012,7
Base,q0013,9
Base,q0014,19
Base,q0015,17
Base,q0017,3
Base,q0018,18
Base,q0019,18
Base,q0020,1
Base,q0021,1
Base,q0022,3
Base,q0023,9
Base,q0024,19
Base,q0025,10
Base,q0028,19
Base,q0029,7
Base,q0031,19
Base,q0032,15
Base,q0034,17
Base,q0035,17
Base,q0036,2
Base,q0038,11
Base,q0039,18
Base,q0040,1
Base,q0041,1
Base,q0042,9
Base,q0044,13
Base,q0045,3
Base,q0046,18
Base,q0047,12
Base,q0048,19
Base,q0050,7
Base,q0051,1
Base,q0052,10
Base,q0053,19
Base,q0054,16
Base,q0055,14
Base,q0057,3
Base,q0058,16
Base,q0059,19
Base,q0062,19
Base,q0063,16
Base,q0064,10
Base,q0065,10
Base,q0068,14
Base,q0069,16
Base,q0070,16
Base,q0071,17
Base,q0073,18
Base,q0074,19
Base,q0075,19
Base,q0076,15
Base,q0078,19
Base,q0081,18
Base,q0082,19
Base,q0083,2
Base,q0085,14
Base,q0086,16
Base,q0087,19
Base,q0090,1
Base,q0091,19
Base,q0092,18
Base,q0095,5
Base,q0096,15
Base,q0097,2
Base,q0098,15
Base,q0100,11
Base,q0101,9
Base,q0104,4
Base,q0105,1
Base,q0106,15
Base,q0107,7
Base,q0108,1
Base,q0109,19
Base,q0110,19
Base,q0112,18
Base,q0113,2
Base,q0114,18
Base,q0115,12
Base,q0118,17
Base,q0119,9
Base,q0121,15
Base,q0122,3
Base,q0123,14
Base,q0124,15
Base,q0125,8
Base,q0129,19
Base,q0130,5
Base,q0131,17
Base,q0132,3
Base,q0133,14
Base,q0134,9
Base,q0135,6
Base,q0136,14
Base,q0137,8
Base,q0138,17
Base,q0139,11
Base,q0140,19
Base,q0141,3
Base,q0142,18
Base,q0143,6
Base,q0144,1
Base,q0145,18
Base,q0146,4
Base,q0148,19
Base,q0149,7
Base,q0150,12
Base,q0151,19
Base,q0152,6
Base,q0153,19
Base,q0154,10
Base,q0155,3
Base,q0157,5
Base,q0159,18
Base,q0160,10
Base,q0161,15
Base,q0162,18
Base,q0164,11
Base,q0165,19
Base,q0166,1
Base,q0167,10
Base,q0169,16
Base,q0170,5
Base,q0171,1
Base,q0172,2
Base,q0175,19
Base,q0176,4
Base,q0179,4
Base,q0180,1
Base,q0183,3
Base,q0185,17
Base,q0186,4
Base,q0187,12
Base,q0188,17
Base,q0189,19
Base,q0191,19
Base,q0194,18
Base,q0196,10
Base,q0198,18
Base,q0199,7
Base,q0200,2
Base,q0201,10
Base,q0203,14
Base,q0208,19
Base,q0209,19
Base,q0210,19
Base,q0211,16
Base,q0214,6
Base,q0215,10
Base,q0216,14
Base,q0217,1
Base,q0218,19
Base,q0220,10
Base,q0222,19
Base,q0223,14
Base,q0224,5
Base,q0225,14
Base,q0226,5
Base,q0227,19
Base,q0229,18
Base,q0230,18
Base,q0231,9
Base,q0232,15
Base,q0233,15
Base,q0235,4
Base,q0236,7
Base,q0237,18
Base,q0238,19
Base,q0239,17
Base,q0242,18
Base,q0243,19
Base,q0245,11
Base,q0247,9
Base,q0248,14
Base,q0250,19
Base,q0252,7
Base,q0253,11
Base,q0254,1
Base,q0255,14
Base,q0256,8
Base,q0258,16
Base,q0259,14
Base,q0260,4
Base,q0261,1
Base,q0263,10
Base,q0264,6
Base,q0265,2
Base,q0266,1
Base,q0267,2
Base,q0268,8
Base,q0269,19
Base,q0270,7
Base,q0271,18
Base,q0273,19
Base,q0274,17
Base,q0275,19
Base,q0276,12
Base,q0279,8
Base,q0280,18
Base,q0283,13
Base,q0285,3
Base,q0286,10
Base,q0287,9
Base,q0288,19
Base,q0289,6
Base,q0290,7
Base,q0291,7
Base,q0292,2
Base,q0293,11
Base,q0294,18
Base,q0295,6
Base,q0298,18
Base,q0300,1
Base,q0302,19
Base,q0304,17
Base,q0305,4
Base,q0306,6
Base,q0311,12
Base,q0312,18
Base,q0315,3
Base,q0316,15
Base,q0318,14
Base,q0319,2
Base,q0320,13
Base,q0321,7
Base,q0325,18
Base,q0326,15
Base,q0327,12
Base,q0331,8
Base,q0333,7
Base,q0334,14
Base,q0337,16
Base,q0338,19
Base,q0339,4
Base,q0341,19
Base,q0344,7
Base,q0345,16
Base,q0346,9
Base,q0347,6
Base,q0348,10
Base,q0349,19
Base,q0351,19
Base,q0353,1
Base,q0354,1
Base,q0355,1
Base,q0356,1
Base,q0357,18
Base,q0358,14
Base,q0359,15
Base,q0361,6
Base,q0362,18
Base,q0363,3
Base,q0364,6
Base,q0365,5
Base,q0366,7
Base,q0368,16
Base,q0369,19
Base,q0370,8
Base,q0371,15
Base,q0372,19
Base,q0373,2
Base,q0374,3
Base,q0376,5
Base,q0377,12
Base,q0380,8
Base,q0381,1
Base,q0383,10
Base,q0384,15
Base,q0385,5
Base,q0386,1
Base,q0387,4
Base,q0388,15
Base,q0390,7
Base,q0392,8
Base,q0393,7
Base,q0394,8
Base,q0395,19
Base,q0397,10
Base,q0398,19
Base,q0399,3
Base,q0403,19
Base,q0404,19
Base,q0406,19
Base,q0407,19
Base,q0408,11
Base,q0409,18
Base,q0411,16
Base,q0412,17
Base,q0413,19
Base,q0414,17
Base,q0415,13
Base,q0416,13
Base,q0419,8
Base,q0420,19
Base,q0421,11
Base,q0422,6
Base,q0423,9
Base,q0424,1
Base,q0426,3
Base,q0427,17
Base,q0428,19
Base,q0429,18
Base,q0430,15
Base,q0431,11
Base,q0432,19
Base,q0434,5
Base,q0435,4
Base,q0436,19
Base,q0437,17
Base,q0438,15
Base,q0440,16
Base,q0441,18
Base,q0442,13
Base,q0443,17
Base,q0444,19
Base,q0445,17
Base,q0446,2
Base,q0448,13
Base,q0449,16
Base,q0453,1
Base,q0454,4
Base,q0455,19
Base,q0456,19
Base,q0460,19
Base,q0462,17
Base,q0463,6
Base,q0464,15
Base,q0469,7
Base,q0470,17
Base,q0471,12
Base,q0472,8
Base,q0474,3
Base,q0476,19
Base,q0477,17
Base,q0478,7
Base,q0479,15
Base,q0480,14
Base,q0482,13
Base,q0483,7
Base,q0484,10
Base,q0485,18
Base,q0487,10
Base,q0489,16
Base,q0490,19
Base,q0491,1
Base,q0492,17
Base,q0493,16
Base,q0495,7
Base,q0496,3
Base,q0497,16
Base,q0498,1
Base,q0499,8
Base,q0500,6
DPO,q0001,18
DPO,q0003,18
DPO,q0004,9
DPO,q0005,13
DPO,q0006,18
DPO,q0009,4
DPO,q0010,17
DPO,q0011,1
DPO,q0012,7
DPO,q0013,9
DPO,q0014,19
DPO,q0015,17
DPO,q0017,3
DPO,q0018,18
DPO,q0019,18
DPO,q0020,1
DPO,q0021,1
DPO,q0022,3
DPO,q0023,9
DPO,q0024,19
DPO,q0025,10
DPO,q0028,19
DPO,q0029,7
DPO,q0031,19
DPO,q0032,15
DPO,q0034,17
DPO,q0035,17
DPO,q0036,2
DPO,q0038,11
DPO,q0039,18
DPO,q0040,1
DPO,q0041,1
DPO,q0042,9
DPO,q0044,13
DPO,q0045,3
DPO,q0046,18
DPO,q0047,12
DPO,q0048,19
DPO,q0050,7
DPO,q0051,1
DPO,q0052,10
DPO,q0053,19
DPO,q0054,16
DPO,q0055,14
DPO,q0057,3
DPO,q0058,16
DPO,q0059,19
DPO,q0062,19
DPO,q0063,16
DPO,q0064,10
DPO,q0065,10
DPO,q0068,14
DPO,q0069,16
DPO,q0070,16
DPO,q0071,17
DPO,q0073,18
DPO,q0074,19
DPO,q0075,19
DPO,q0076,15
DPO,q0078,19
DPO,q0081,18
DPO,q0082,19
DPO,q0083,2
DPO,q0085,14
DPO,q0086,16
DPO,q0087,19
DPO,q0090,1
DPO,q0091,19
DPO,q0092,18
DPO,q0095,5
DPO,q0096,15
DPO,q0097,2
DPO,q0098,15
DPO,q0100,11
DPO,q0101,9
DPO,q0104,4
DPO,q0105,1
DPO,q0106,15
DPO,q0107,7
DPO,q0108,1
DPO,q0109,19
DPO,q0110,19
DPO,q0112,18
DPO,q0113,2
DPO,q0114,18
DPO,q0115,12
DPO,q0118,17
DPO,q0119,9
DPO,q0121,15
DPO,q0122,3
DPO,q0123,14
DPO,q0124,15
DPO,q0125,8
DPO,q0129,19
DPO,q0130,5
DPO,q0131,17
DPO,q0132,3
DPO,q0133,14
DPO,q0134,9
DPO,q0135,6
DPO,q0136,14
DPO,q0137,8
DPO,q0138,17
DPO,q0139,11
DPO,q0140,19
DPO,q0141,3
DPO,q0142,18
DPO,q0143,6
DPO,q0144,1
DPO,q0145,18
DPO,q0146,4
DPO,q0148,19
DPO,q0149,7
DPO,q0150,12
DPO,q0151,19
DPO,q0152,6
DPO,q0153,19
DPO,q0154,10
DPO,q0155,3
DPO,q0157,5
DPO,q0159,18
DPO,q0160,10
DPO,q0161,15
DPO,q0162,18
DPO,q0164,11
DPO,q0165,19
DPO,q0166,1
DPO,q0167,10
DPO,q0169,16
DPO,q0170,5
DPO,q0171,1
DPO,q0172,2
DPO,q0175,19
DPO,q0176,4
DPO,q0179,4
DPO,q0180,1
DPO,q0183,3
DPO,q0185,17
DPO,q0186,4
DPO,q0187,12
DPO,q0188,17
DPO,q0189,19
DPO,q0191,19
DPO,q0194,18
DPO,q0196,10
DPO,q0198,18
DPO,q0199,7
DPO,q0200,2
DPO,q0201,10
DPO,q0203,14
DPO,q0208,19
DPO,q0209,19
DPO,q0210,19
DPO,q0211,16
DPO,q0214,6
DPO,q0215,10
DPO,q0216,14
DPO,q0217,1
DPO,q0218,19
DPO,q0220,10
DPO,q0222,19
DPO,q0223,14
DPO,q0224,5
DPO,q0225,14
DPO,q0226,5
DPO,q0227,19
DPO,q0229,18
DPO,q0230,18
DPO,q0231,9
DPO,q0232,15
DPO,q0233,15
DPO,q0235,4
DPO,q0236,7
DPO,q0237,18
DPO,q0238,19
DPO,q0239,17
DPO,q0242,18
DPO,q0243,19
DPO,q0245,11
DPO,q0247,9
DPO,q0248,14
DPO,q0250,19
DPO,q0252,7
DPO,q0253,11
DPO,q0254,1
DPO,q0255,14
DPO,q0256,8
DPO,q0258,16
DPO,q0259,14
DPO,q0260,4
DPO,q0261,1
DPO,q0263,10
DPO,q0264,6
DPO,q0265,2
DPO,q0266,1
DPO,q0267,2
DPO,q0268,8
DPO,q0269,19
DPO,q0270,7
DPO,q0271,18
DPO,q0273,19
DPO,q0274,17
DPO,q0275,19
DPO,q0276,12
DPO,q0279,8
DPO,q0280,18
DPO,q0283,13
DPO,q0285,3
DPO,q0286,10
DPO,q0287,9
DPO,q0288,19
DPO,q0289,6
DPO,q0290,7
DPO,q0291,7
DPO,q0292,2
DPO,q0293,11
DPO,q0294,18
DPO,q0295,6
DPO,q0298,18
DPO,q0300,1
DPO,q0302,19
DPO,q0304,17
DPO,q0305,4
DPO,q0306,6
DPO,q0311,12
DPO,q0312,18
DPO,q0315,3
DPO,q0316,15
DPO,q0318,14
DPO,q0319,2
DPO,q0320,13
DPO,q0321,7
DPO,q0325,18
DPO,q0326,15
DPO,q0327,12
DPO,q0331,8
DPO,q0333,7
DPO,q0334,14
DPO,q0337,16
DPO,q0338,19
DPO,q0339,4
DPO,q0341,19
DPO,q0344,7
DPO,q0345,16
DPO,q0346,9
DPO,q0347,6
DPO,q0348,10
DPO,q0349,19
DPO,q0351,19
DPO,q0353,1
DPO,q0354,1
DPO,q0355,1
DPO,q0356,1
DPO,q0357,18
DPO,q0358,14
DPO,q0359,15
DPO,q0361,6
DPO,q0362,18
DPO,q0363,3
DPO,q0364,6
DPO,q0365,5
DPO,q0366,7
DPO,q0368,16
DPO,q0369,19
DPO,q0370,8
DPO,q0371,15
DPO,q0372,19
DPO,q0373,2
DPO,q0374,3
DPO,q0376,5
DPO,q0377,12
DPO,q0380,8
DPO,q0381,1
DPO,q0383,10
DPO,q0384,15
DPO,q0385,5
DPO,q0386,1
DPO,q0387,4
DPO,q0388,15
DPO,q0390,7
DPO,q0392,8
DPO,q0393,7
DPO,q0394,8
DPO,q0395,19
DPO,q0397,10
DPO,q0398,19
DPO,q0399,3
DPO,q0403,19
DPO,q0404,19
DPO,q0406,19
DPO,q0407,19
DPO,q0408,11
DPO,q0409,18
DPO,q0411,16
DPO,q0412,17
DPO,q0413,19
DPO,q0414,17
DPO,q0415,13
DPO,q0416,13
DPO,q0419,8
DPO,q0420,19
DPO,q0421,11
DPO,q0422,6
DPO,q0423,9
DPO,q0424,1
DPO,q0426,3
DPO,q0427,17
DPO,q0428,19
DPO,q0429,18
DPO,q0430,15
DPO,q0431,11
DPO,q0432,19
DPO,q0434,5
DPO,q0435,4
DPO,q0436,19
DPO,q0437,17
DPO,q0438,15
DPO,q0440,16
DPO,q0441,18
DPO,q0442,13
DPO,q0443,17
DPO,q0444,19
DPO,q0445,17
DPO,q0446,2
DPO,q0448,13
DPO,q0449,16
DPO,q0453,1
DPO,q0454,4
DPO,q0455,19
DPO,q0456,19
DPO,q0460,19
DPO,q0462,17
DPO,q0463,6
DPO,q0464,15
DPO,q0469,7
DPO,q0470,17
DPO,q0471,12
DPO,q0472,8
DPO,q0474,3
DPO,q0476,19
DPO,q0477,17
DPO,q0478,7
DPO,q0479,15
DPO,q0480,14
DPO,q0482,13
DPO,q0483,7
DPO,q0484,10
DPO,q0485,18
DPO,q0487,10
DPO,q0489,16
DPO,q0490,19
DPO,q0491,1
DPO,q0492,17
DPO,q0493,16
DPO,q0495,7
DPO,q0496,3
DPO,q0497,16
DPO,q0498,1
DPO,q0499,8
DPO,q0500,6
RLVR,q0001,18
RLVR,q0003,18
RLVR,q0004,9
RLVR,q0005,13
RLVR,q0006,18
RLVR,q0009,4
RLVR,q0010,17
RLVR,q0011,1
RLVR,q0012,7
RLVR,q0013,9
RLVR,q0014,19
RLVR,q0015,17
RLVR,q0017,3
RLVR,q0018,18
RLVR,q0019,18
RLVR,q0020,1
RLVR,q0021,1
RLVR,q0022,3
RLVR,q0023,9
RLVR,q0024,19
RLVR,q0025,10
RLVR,q0028,19
RLVR,q0029,7
RLVR,q0031,19
RLVR,q0032,15
RLVR,q0034,17
RLVR,q0035,17
RLVR,q0036,2
RLVR,q0038,11
RLVR,q0039,18
RLVR,q0040,1
RLVR,q0041,1
RLVR,q0042,9
RLVR,q0044,13
RLVR,q0045,3
RLVR,q0046,18
RLVR,q0047,12
RLVR,q0048,19
RLVR,q0050,7
RLVR,q0051,1
RLVR,q0052,10
RLVR,q0053,19
RLVR,q0054,16
RLVR,q0055,14
RLVR,q0057,3
RLVR,q0058,16
RLVR,q0059,19
RLVR,q0062,19
RLVR,q0063,16
RLVR,q0064,10
RLVR,q0065,10
RLVR,q0068,14
RLVR,q0069,16
RLVR,q0070,16
RLVR,q0071,17
RLVR,q0073,18
RLVR,q0074,19
RLVR,q0075,19
RLVR,q0076,15
RLVR,q0078,19
RLVR,q0081,18
RLVR,q0082,19
RLVR,q0083,2
RLVR,q0085,14
RLVR,q0086,16
RLVR,q0087,19
RLVR,q0090,1
RLVR,q0091,19
RLVR,q0092,18
RLVR,q0095,5
RLVR,q0096,15
RLVR,q0097,2
RLVR,q0098,15
RLVR,q0100,11
RLVR,q0101,9
RLVR,q0104,4
RLVR,q0105,1
RLVR,q0106,15
RLVR,q0107,7
RLVR,q0108,1
RLVR,q0109,19
RLVR,q0110,19
RLVR,q0112,18
RLVR,q0113,2
RLVR,q0114,18
RLVR,q0115,12
RLVR,q0118,17
RLVR,q0119,9
RLVR,q0121,15
RLVR,q0122,3
RLVR,q0123,14
RLVR,q0124,15
RLVR,q0125,8
RLVR,q0129,19
RLVR,q0130,5
RLVR,q0131,17
RLVR,q0132,3
RLVR,q0133,14
RLVR,q0134,9
RLVR,q0135,6
RLVR,q0136,14
RLVR,q0137,8
RLVR,q0138,17
RLVR,q0139,11
RLVR,q0140,19
RLVR,q0141,3
RLVR,q0142,18
RLVR,q0143,6
RLVR,q0144,1
RLVR,q0145,18
RLVR,q0146,4
RLVR,q0148,19
RLVR,q0149,7
RLVR,q0150,12
RLVR,q0151,19
RLVR,q0152,6
RLVR,q0153,19
RLVR,q0154,10
RLVR,q0155,3
RLVR,q0157,5
RLVR,q0159,18
RLVR,q0160,10
RLVR,q0161,15
RLVR,q0162,18
RLVR,q0164,11
RLVR,q0165,19
RLVR,q0166,1
RLVR,q0167,10
RLVR,q0169,16
RLVR,q0170,5
RLVR,q0171,1
RLVR,q0172,2
RLVR,q0175,19
RLVR,q0176,4
RLVR,q0179,4
RLVR,q0180,1
RLVR,q0183,3
RLVR,q0185,17
RLVR,q0186,4
RLVR,q0187,12
RLVR,q0188,17
RLVR,q0189,19
RLVR,q0191,19
RLVR,q0194,18
RLVR,q0196,10
RLVR,q0198,18
RLVR,q0199,7
RLVR,q0200,2
RLVR,q0201,10
RLVR,q0203,14
RLVR,q0208,19
RLVR,q0209,19
RLVR,q0210,19
RLVR,q0211,16
RLVR,q0214,6
RLVR,q0215,10
RLVR,q0216,14
RLVR,q0217,1
RLVR,q0218,19
RLVR,q0220,10
RLVR,q0222,19
RLVR,q0223,14
RLVR,q0224,5
RLVR,q0225,14
RLVR,q0226,5
RLVR,q0227,19
RLVR,q0229,18
RLVR,q0230,18
RLVR,q0231,9
RLVR,q0232,15
RLVR,q0233,15
RLVR,q0235,4
RLVR,q0236,7
RLVR,q0237,18
RLVR,q0238,19
RLVR,q0239,17
RLVR,q0242,18
RLVR,q0243,19
RLVR,q0245,11
RLVR,q0247,9
RLVR,q0248,14
RLVR,q0250,19
RLVR,q0252,7
RLVR,q0253,11
RLVR,q0254,1
RLVR,q0255,14
RLVR,q0256,8
RLVR,q0258,16
RLVR,q0259,14
RLVR,q0260,4
RLVR,q0261,1
RLVR,q0263,10
RLVR,q0264,6
RLVR,q0265,2
RLVR,q0266,1
RLVR,q0267,2
RLVR,q0268,8
RLVR,q0269,19
RLVR,q0270,7
RLVR,q0271,18
RLVR,q0273,19
RLVR,q0274,17
RLVR,q0275,19
RLVR,q0276,12
RLVR,q0279,8
RLVR,q0280,18
RLVR,q0283,13
RLVR,q0285,3
RLVR,q0286,10
RLVR,q0287,9
RLVR,q0288,19
RLVR,q0289,6
RLVR,q0290,7
RLVR,q0291,7
RLVR,q0292,2
RLVR,q0293,11
RLVR,q0294,18
RLVR,q0295,6
RLVR,q0298,18
RLVR,q0300,1
RLVR,q0302,19
RLVR,q0304,17
RLVR,q0305,4
RLVR,q0306,6
RLVR,q0311,12
RLVR,q0312,18
RLVR,q0315,3
RLVR,q0316,15
RLVR,q0318,14
RLVR,q0319,2
RLVR,q0320,13
RLVR,q0321,7
RLVR,q0325,18
RLVR,q0326,15
RLVR,q0327,12
RLVR,q0331,8
RLVR,q0333,7
RLVR,q0334,14
RLVR,q0337,16
RLVR,q0338,19
RLVR,q0339,4
RLVR,q0341,19
RLVR,q0344,7
RLVR,q0345,16
RLVR,q0346,9
RLVR,q0347,6
RLVR,q0348,10
RLVR,q0349,19
RLVR,q0351,19
RLVR,q0353,1
RLVR,q0354,1
RLVR,q0355,1
RLVR,q0356,1
RLVR,q0357,18
RLVR,q0358,14
RLVR,q0359,15
RLVR,q0361,6
RLVR,q0362,18
RLVR,q0363,3
RLVR,q0364,6
RLVR,q0365,5
RLVR,q0366,7
RLVR,q0368,16
RLVR,q0369,19
RLVR,q0370,8
RLVR,q0371,15
RLVR,q0372,19
RLVR,q0373,2
RLVR,q0374,3
RLVR,q0376,5
RLVR,q0377,12
RLVR,q0380,8
RLVR,q0381,1
RLVR,q0383,10
RLVR,q0384,15
RLVR,q0385,5
RLVR,q0386,1
RLVR,q0387,4
RLVR,q0388,15
RLVR,q0390,7
RLVR,q0392,8
RLVR,q0393,7
RLVR,q0394,8
RLVR,q0395,19
RLVR,q0397,10
RLVR,q0398,19
RLVR,q0399,3
RLVR,q0403,19
RLVR,q0404,19
RLVR,q0406,19
RLVR,q0407,19
RLVR,q0408,11
RLVR,q0409,18
RLVR,q0411,16
RLVR,q0412,17
RLVR,q0413,19
RLVR,q0414,17
RLVR,q0415,13
RLVR,q0416,13
RLVR,q0419,8
RLVR,q0420,19
RLVR,q0421,11
RLVR,q0422,6
RLVR,q0423,9
RLVR,q0424,1
RLVR,q0426,3
RLVR,q0427,17
RLVR,q0428,19
RLVR,q0429,18
RLVR,q0430,15
RLVR,q0431,11
RLVR,q0432,19
RLVR,q0434,5
RLVR,q0435,4
RLVR,q0436,19
RLVR,q0437,17
RLVR,q0438,15
RLVR,q0440,16
RLVR,q0441,18
RLVR,q0442,13
RLVR,q0443,17
RLVR,q0444,19
RLVR,q0445,17
RLVR,q0446,2
RLVR,q0448,13
RLVR,q0449,16
RLVR,q0453,1
RLVR,q0454,4
RLVR,q0455,19
RLVR,q0456,19
RLVR,q0460,19
RLVR,q0462,17
RLVR,q0463,6
RLVR,q0464,15
RLVR,q0469,7
RLVR,q0470,17
RLVR,q0471,12
RLVR,q0472,8
RLVR,q0474,3
RLVR,q0476,19
RLVR,q0477,17
RLVR,q0478,7
RLVR,q0479,15
RLVR,q0480,14
RLVR,q0482,13
RLVR,q0483,7
RLVR,q0484,10
RLVR,q0485,18
RLVR,q0487,10
RLVR,q0489,16
RLVR,q0490,19
RLVR,q0491,1
RLVR,q0492,17
RLVR,q0493,16
RLVR,q0495,7
RLVR,q0496,3
RLVR,q0497,16
RLVR,q0498,1
RLVR,q0499,8
RLVR,q0500,6
SFT,q0001,18
SFT,q0003,18
SFT,q0004,9
SFT,q0005,13
SFT,q0006,18
SFT,q0009,4
SFT,q0010,17
SFT,q0011,1
SFT,q0012,7
SFT,q0013,9
SFT,q0014,19
SFT,q0015,17
SFT,q0017,3
SFT,q0018,18
SFT,q0019,18
SFT,q0020,1
SFT,q0021,1
SFT,q0022,3
SFT,q0023,9
SFT,q0024,19
SFT,q0025,10
SFT,q0028,19
SFT,q0029,7
SFT,q0031,19
SFT,q0032,15
SFT,q0034,17
SFT,q0035,17
SFT,q0036,2
SFT,q0038,11
SFT,q0039,18
SFT,q0040,1
SFT,q0041,1
SFT,q0042,9
SFT,q0044,13
SFT,q0045,3
SFT,q0046,18
SFT,q0047,12
SFT,q0048,19
SFT,q0050,7
SFT,q0051,1
SFT,q0052,10
SFT,q0053,19
SFT,q0054,16
SFT,q0055,14
SFT,q0057,3
SFT,q0058,16
SFT,q0059,19
SFT,q0062,19
SFT,q0063,16
SFT,q0064,10
SFT,q0065,10
SFT,q0068,14
SFT,q0069,16
SFT,q0070,16
SFT,q0071,17
SFT,q0073,18
SFT,q0074,19
SFT,q0075,19
SFT,q0076,15
SFT,q0078,19
SFT,q0081,18
SFT,q0082,19
SFT,q0083,2
SFT,q0085,14
SFT,q0086,16
SFT,q0087,19
SFT,q0090,1
SFT,q0091,19
SFT,q0092,18
SFT,q0095,5
SFT,q0096,15
SFT,q0097,2
SFT,q0098,15
SFT,q0100,11
SFT,q0101,9
SFT,q0104,4
SFT,q0105,1
SFT,q0106,15
SFT,q0107,7
SFT,q0108,1
SFT,q0109,19
SFT,q0110,19
SFT,q0112,18
SFT,q0113,2
SFT,q0114,18
SFT,q0115,12
SFT,q0118,17
SFT,q0119,9
SFT,q0121,15
SFT,q0122,3
SFT,q0123,14
SFT,q0124,15
SFT,q0125,8
SFT,q0129,19
SFT,q0130,5
SFT,q0131,17
SFT,q0132,3
SFT,q0133,14
SFT,q0134,9
SFT,q0135,6
SFT,q0136,14
SFT,q0137,8
SFT,q0138,17
SFT,q0139,11
SFT,q0140,19
SFT,q0141,3
SFT,q0142,18
SFT,q0143,6
SFT,q0144,1
SFT,q0145,18
SFT,q0146,4
SFT,q0148,19
SFT,q0149,7
SFT,q0150,12
SFT,q0151,19
SFT,q0152,6
SFT,q0153,19
SFT,q0154,10
SFT,q0155,3
SFT,q0157,5
SFT,q0159,18
SFT,q0160,10
SFT,q0161,15
SFT,q0162,18
SFT,q0164,11
SFT,q0165,19
SFT,q0166,1
SFT,q0167,10
SFT,q0169,16
SFT,q0170,5
SFT,q0171,1
SFT,q0172,2
SFT,q0175,19
SFT,q0176,4
SFT,q0179,4
SFT,q0180,1
SFT,q0183,3
SFT,q0185,17
SFT,q0186,4
SFT,q0187,12
SFT,q0188,17
SFT,q0189,19
SFT,q0191,19
SFT,q0194,18
SFT,q0196,10
SFT,q0198,18
SFT,q0199,7
SFT,q0200,2
SFT,q0201,10
SFT,q0203,14
SFT,q0208,19
SFT,q0209,19
SFT,q0210,19
SFT,q0211,16
SFT,q0214,6
SFT,q0215,10
SFT,q0216,14
SFT,q0217,1
SFT,q0218,19
SFT,q0220,10
SFT,q0222,19
SFT,q0223,14
SFT,q0224,5
SFT,q0225,14
SFT,q0226,5
SFT,q0227,19
SFT,q0229,18
SFT,q0230,18
SFT,q0231,9
SFT,q0232,15
SFT,q0233,15
SFT,q0235,4
SFT,q0236,7
SFT,q0237,18
SFT,q0238,19
SFT,q0239,17
SFT,q0242,18
SFT,q0243,19
SFT,q0245,11
SFT,q0247,9
SFT,q0248,14
SFT,q0250,19
SFT,q0252,7
SFT,q0253,11
SFT,q0254,1
SFT,q0255,14
SFT,q0256,8
SFT,q0258,16
SFT,q0259,14
SFT,q0260,4
SFT,q0261,1
SFT,q0263,10
SFT,q0264,6
SFT,q0265,2
SFT,q0266,1
SFT,q0267,2
SFT,q0268,8
SFT,q0269,19
SFT,q0270,7
SFT,q0271,18
SFT,q0273,19
SFT,q0274,17
SFT,q0275,19
SFT,q0276,12
SFT,q0279,8
SFT,q0280,18
SFT,q0283,13
SFT,q0285,3
SFT,q0286,10
SFT,q0287,9
SFT,q0288,19
SFT,q0289,6
SFT,q0290,7
SFT,q0291,7
SFT,q0292,2
SFT,q0293,11
SFT,q0294,18
SFT,q0295,6
SFT,q0298,18
SFT,q0300,1
SFT,q0302,19
SFT,q0304,17
SFT,q0305,4
SFT,q0306,6
SFT,q0311,12
SFT,q0312,18
SFT,q0315,3
SFT,q0316,15
SFT,q0318,14
SFT,q0319,2
SFT,q0320,13
SFT,q0321,7
SFT,q0325,18
SFT,q0326,15
SFT,q0327,12
SFT,q0331,8
SFT,q0333,7
SFT,q0334,14
SFT,q0337,16
SFT,q0338,19
SFT,q0339,4
SFT,q0341,19
SFT,q0344,7
SFT,q0345,16
SFT,q0346,9
SFT,q0347,6
SFT,q0348,10
SFT,q0349,19
SFT,q0351,19
SFT,q0353,1
SFT,q0354,1
SFT,q0355,1
SFT,q0356,1
SFT,q0357,18
SFT,q0358,14
SFT,q0359,15
SFT,q0361,6
SFT,q0362,18
SFT,q0363,3
SFT,q0364,6
SFT,q0365,5
SFT,q0366,7
SFT,q0368,16
SFT,q0369,19
SFT,q0370,8
SFT,q0371,15
SFT,q0372,19
SFT,q0373,2
SFT,q0374,3
SFT,q0376,5
SFT,q0377,12
SFT,q0380,8
SFT,q0381,1
SFT,q0383,10
SFT,q0384,15
SFT,q0385,5
SFT,q0386,1
SFT,q0387,4
SFT,q0388,15
SFT,q0390,7
SFT,q0392,8
SFT,q0393,7
SFT,q0394,8
SFT,q0395,19
SFT,q0397,10
SFT,q0398,19
SFT,q0399,3
SFT,q0403,19
SFT,q0404,19
SFT,q0406,19
SFT,q0407,19
SFT,q0408,11
SFT,q0409,18
SFT,q0411,16
SFT,q0412,17
SFT,q0413,19
SFT,q0414,17
SFT,q0415,13
SFT,q0416,13
SFT,q0419,8
SFT,q0420,19
SFT,q0421,11
SFT,q0422,6
SFT,q0423,9
SFT,q0424,1
SFT,q0426,3
SFT,q0427,17
SFT,q0428,19
SFT,q0429,18
SFT,q0430,15
SFT,q0431,11
SFT,q0432,19
SFT,q0434,5
SFT,q0435,4
SFT,q0436,19
SFT,q0437,17
SFT,q0438,15
SFT,q0440,16
SFT,q0441,18
SFT,q0442,13
SFT,q0443,17
SFT,q0444,19
SFT,q0445,17
SFT,q0446,2
SFT,q0448,13
SFT,q0449,16
SFT,q0453,1
SFT,q0454,4
SFT,q0455,19
SFT,q0456,19
SFT,q0460,19
SFT,q0462,17
SFT,q0463,6
SFT,q0464,15
SFT,q0469,7
SFT,q0470,17
SFT,q0471,12
SFT,q0472,8
SFT,q0474,3
SFT,q0476,19
SFT,q0477,17
SFT,q0478,7
SFT,q0479,15
SFT,q0480,14
SFT,q0482,13
SFT,q0483,7
SFT,q0484,10
SFT,q0485,18
SFT,q0487,10
SFT,q0489,16
SFT,q0490,19
SFT,q0491,1
SFT,q0492,17
SFT,q0493,16
SFT,q0495,7
SFT,q0496,3
SFT,q0497,16
SFT,q0498,1
SFT,q0499,8
SFT,q0500,6
