checkpoint_label,question_id,cue_id,value,additive_pred,residual,outcome
RLVR,q0444,c02,-0.928223,-0.01378561898859404,-0.9144373810114059,shift
DPO,q0444,c03,0.883789,0.03435246955307264,0.8494365304469274,shift
RLVR,q0208,c02,-0.805298,0.039376052064037506,-0.8446740520640375,shift
RLVR,q0302,c18,-0.984864,-0.1441710977440765,-0.8406929022559235,shift
RLVR,q0189,c02,-0.981811,-0.14589009267280456,-0.8359209073271954,shift
RLVR,q0209,c14,-0.923401,-0.10435349663255278,-0.8190475033674472,shift
RLVR,q0189,c01,-0.985214,-0.18995513954780455,-0.7952588604521955,shift
RLVR,q0460,c01,-0.854248,-0.06866545533727825,-0.7855825446627218,shift
DPO,q0395,c17,-0.98108,-0.20638873432355442,-0.7746912656764455,shift
RLVR,q0039,c05,-0.968631,-0.1941779280163718,-0.7744530719836282,shift
DPO,q0302,c18,-0.916688,-0.1441710977440765,-0.7725169022559235,shift
RLVR,q0006,c14,0.675782,-0.09349196593079837,0.7692739659307983,shift
RLVR,q0006,c10,-0.988174,-0.22064685857192737,-0.7675271414280727,shift
RLVR,q0407,c04,-0.908264,-0.14562562661154108,-0.7626383733884589,shift
RLVR,q0409,c03,-0.731323,0.029617205664183743,-0.7609402056641836,shift
DPO,q0006,c14,0.667114,-0.09349196593079837,0.7606059659307983,shift
RLVR,q0312,c12,-0.973511,-0.21444242426413168,-0.7590685757358684,shift
RLVR,q0006,c19,-0.91983,-0.16259715091794183,-0.7572328490820582,shift
DPO,q0302,c01,-0.876709,-0.1206051263899098,-0.7561038736100901,shift
RLVR,q0238,c01,-0.973145,-0.21800828428464666,-0.7551367157153533,shift
RLVR,q0110,c02,-0.926758,-0.177767618988594,-0.748990381011406,shift
DPO,q0460,c06,0.4882809999999999,-0.259220163005718,0.7475011630057179,shift
DPO,q0110,c02,-0.923767,-0.177767618988594,-0.7459993810114061,shift
RLVR,q0238,c18,-0.986961,-0.24157425563881335,-0.7453867443611866,shift
RLVR,q0189,c04,-0.990616,-0.24966613976943577,-0.7409498602305643,shift
RLVR,q0302,c14,-0.99601,-0.2651670097904475,-0.7308429902095525,shift
Base,q0140,c06,-0.071655,-0.798067413005718,0.726412413005718,shift
DPO,q0209,c06,0.570313,-0.15034632090045486,0.7206593209004548,shift
DPO,q0198,c02,0.6391600000000001,-0.07773011898859405,0.7168901189885941,shift
RLVR,q0222,c03,-0.821534,-0.10594370149955895,-0.715590298500441,shift
DPO,q0349,c14,0.464844,-0.24941668084307908,0.714260680843079,shift
Base,q0140,c10,-0.167953,-0.879229481378945,0.711276481378945,shift
Base,q0140,c19,-0.112412,-0.8211797737249594,0.7087677737249595,shift
RLVR,q0003,c10,-0.956805,-0.25196956690526073,-0.7048354330947393,shift
RLVR,q0039,c19,-0.999336,-0.29483009536238625,-0.7045059046376138,shift
DPO,q0238,c01,-0.922485,-0.21800828428464666,-0.7044767157153533,shift
Base,q0140,c12,-0.074157,-0.7783852554044826,0.7042282554044825,shift
RLVR,q0129,c07,-0.89325,-0.19086464606842793,-0.7023853539315721,shift
DPO,q0250,c11,0.3984369999999999,-0.3038754883416643,0.7023124883416642,shift
RLVR,q0406,c10,-0.984253,-0.28205994190526074,-0.7021930580947393,shift
RLVR,q0275,c05,-0.969971,-0.2689801458526291,-0.700990854147371,shift
RLVR,q0208,c13,-0.640625,0.06004869268903752,-0.7006736926890376,shift
RLVR,q0001,c12,-0.964245,-0.26420335481968726,-0.7000416451803128,shift
DPO,q0476,c07,0.414062,-0.2849284487000069,0.6989904487000069,shift
RLVR,q0194,c18,-0.951294,-0.2525350816622052,-0.6987589183377948,shift
RLVR,q0148,c05,-0.913834,-0.21657361953683962,-0.6972603804631604,shift
RLVR,q0046,c07,0.606445,-0.08828429226725837,0.6947292922672583,shift
RLVR,q0362,c07,-0.971527,-0.2769395561561472,-0.6945874438438528,shift
RLVR,q0153,c12,-0.99469,-0.3004019790886931,-0.6942880209113069,shift
RLVR,q0243,c07,-0.908447,-0.21484665922632268,-0.6936003407736773,shift
DPO,q0006,c10,-0.913971,-0.22064685857192737,-0.6933241414280726,shift
RLVR,q0019,c08,-0.967842,-0.2748299097872051,-0.6930120902127949,shift
DPO,q0302,c14,-0.956918,-0.2651670097904475,-0.6917509902095526,shift
RLVR,q0407,c18,-0.798828,-0.10948059774407654,-0.6893474022559234,shift
RLVR,q0039,c12,-0.940937,-0.2520355770419095,-0.6889014229580905,shift
RLVR,q0145,c19,-0.944591,-0.25707299814016404,-0.6875180018598359,shift
DPO,q0222,c05,0.375,-0.31116173795789226,0.6861617379578923,shift
Base,q0140,c16,-0.166931,-0.8523429648069752,0.6854119648069752,shift
DPO,q0275,c08,0.485352,-0.19689650262346248,0.6822485026234625,shift
DPO,q0153,c12,-0.98169,-0.3004019790886931,-0.6812880209113068,shift
RLVR,q0028,c06,-0.999905,-0.3187497156372969,-0.6811552843627031,shift
RLVR,q0395,c17,-0.885742,-0.20638873432355442,-0.6793532656764456,shift
RLVR,q0129,c14,-0.913025,-0.23450193084307905,-0.678523069156921,shift
RLVR,q0003,c06,-0.845459,-0.17080749853203378,-0.6746515014679662,shift
RLVR,q0210,c08,-0.890503,-0.21664747630767298,-0.673855523692327,shift
RLVR,q0369,c05,-0.945801,-0.27383214585262905,-0.671968854147371,shift
DPO,q0006,c01,0.7221679999999999,0.051069917469739295,0.6710980825302606,shift
RLVR,q0148,c06,-0.96482,-0.2941134261636127,-0.6707065738363873,shift
RLVR,q0275,c12,-0.997299,-0.3268377948781668,-0.6704612051218333,shift
RLVR,q0114,c08,0.700195,0.030093548546128168,0.6701014514538719,shift
DPO,q0028,c06,-0.987919,-0.3187497156372969,-0.6691692843627031,shift
RLVR,q0312,c10,-0.98428,-0.31528665023859404,-0.668993349761406,shift
DPO,q0432,c02,-0.640625,0.027384249432458582,-0.6680092494324585,shift
RLVR,q0112,c01,-0.813965,-0.1465486797524829,-0.6674163202475172,shift
DPO,q0338,c02,0.492187,-0.17492986898859403,0.667116868988594,shift
DPO,q0039,c19,-0.959916,-0.29483009536238625,-0.6650859046376137,shift
RLVR,q0349,c06,-0.9599,-0.2954095051109812,-0.6644904948890188,shift
RLVR,q0338,c08,-0.924316,-0.25992617367609405,-0.664389826323906,shift
RLVR,q0444,c05,-0.833985,-0.17086556690526067,-0.6631194330947393,shift
DPO,q0109,c12,0.5585939999999999,-0.10341393961500889,0.6620079396150088,shift
RLVR,q0110,c04,-0.94336,-0.2815436660852252,-0.6618163339147748,shift
RLVR,q0372,c07,-0.956016,-0.2943212644894806,-0.6616947355105194,shift
RLVR,q0001,c06,-0.944869,-0.28388551242092264,-0.6609834875790773,shift
RLVR,q0403,c18,-0.915222,-0.2563095056388134,-0.6589124943611866,shift
DPO,q0238,c18,-0.899918,-0.24157425563881335,-0.6583437443611866,shift
RLVR,q0485,c14,-0.8170769999999999,-0.15897399370857612,-0.6581030062914238,shift
RLVR,q0238,c04,-0.935791,-0.2777192845062779,-0.6580717154937221,shift
RLVR,q0369,c12,-0.989563,-0.33168979487816674,-0.6578732051218332,shift
DPO,q0476,c17,0.3476559999999999,-0.3099740237972387,0.6576300237972386,shift
RLVR,q0271,c15,-0.944336,-0.2880351088095005,-0.6563008911904995,shift
RLVR,q0191,c04,-0.877441,-0.22122257397996212,-0.6562184260200379,shift
RLVR,q0175,c08,-0.8212889999999999,-0.1660283315708309,-0.6552606684291691,shift
RLVR,q0175,c14,-0.924736,-0.26965895715886856,-0.6550770428411314,shift
RLVR,q0175,c06,-0.969605,-0.31565178142677064,-0.6539532185732294,shift
DPO,q0341,c03,0.345704,-0.3075539909732432,0.6532579909732432,shift
RLVR,q0112,c15,-0.849854,-0.19817798380950047,-0.6516760161904995,shift
RLVR,q0112,c17,-0.924073,-0.27251885347560123,-0.6515541465243988,shift
RLVR,q0222,c17,-0.975586,-0.32411701063934395,-0.651468989360656,shift
RLVR,q0238,c05,-0.98172,-0.3310231853263133,-0.6506968146736867,shift
RLVR,q0194,c02,0.464844,-0.1849040634330385,0.6497480634330385,shift
RLVR,q0210,c07,-0.926269,-0.2766408171210595,-0.6496281828789405,shift
RLVR,q0075,c05,-0.8203119999999999,-0.1714631458526291,-0.6488488541473708,shift
DPO,q0369,c12,-0.980347,-0.33168979487816674,-0.6486572051218332,shift
RLVR,q0271,c07,-0.98439,-0.3373304033783695,-0.6470595966216305,shift
DPO,q0198,c04,0.464844,-0.18150616608522527,0.6463501660852252,shift
RLVR,q0349,c19,-0.964264,-0.3185218658302226,-0.6457421341697774,shift
RLVR,q0455,c15,-0.818847,-0.1746504962364011,-0.6441965037635988,shift
RLVR,q0148,c16,-0.992178,-0.34838897796487,-0.64378902203513,shift
RLVR,q0091,c12,-0.923157,-0.2797719396150089,-0.6433850603849911,shift
RLVR,q0362,c01,-0.8193360000000001,-0.17601495753026067,-0.6433210424697394,shift
RLVR,q0039,c10,-0.996032,-0.3528798030163718,-0.6431521969836282,shift
RLVR,q0074,c12,-0.89006,-0.24704221593079836,-0.6430177840692016,shift
DPO,q0081,c14,0.4130859999999999,-0.22929310481968726,0.6423791048196872,shift
RLVR,q0191,c07,-0.904663,-0.26243617238421746,-0.6422268276157825,shift
SFT,q0395,c02,-0.677734,-0.03635351372543613,-0.6413804862745638,shift
RLVR,q0129,c12,-0.902087,-0.2608125975097457,-0.6412744024902542,shift
RLVR,q0062,c19,-0.996006,-0.35497015530390674,-0.6410358446960932,shift
RLVR,q0208,c17,-0.7714840000000001,-0.13065916853408077,-0.6408248314659193,shift
DPO,q0271,c05,0.291015,-0.3494207057941496,0.6404357057941497,shift
RLVR,q0369,c06,-0.991608,-0.35137195247940217,-0.6402360475205979,shift
RLVR,q0269,c07,0.496094,-0.14413704080527007,0.64023104080527,shift
RLVR,q0198,c02,0.5625,-0.07773011898859405,0.640230118988594,shift
RLVR,q0271,c02,-0.830811,-0.19234075787748295,-0.638470242122517,shift
RLVR,q0490,c06,-0.991707,-0.3537660445846653,-0.6379409554153347,shift
RLVR,q0028,c19,-0.977539,-0.3418620763565383,-0.6356769236434617,shift
DPO,q0110,c04,-0.915649,-0.2815436660852252,-0.6341053339147749,shift
RLVR,q0222,c08,-0.87207,-0.23907809472872563,-0.6329919052712744,shift
RLVR,q0420,c03,-0.822754,-0.18988958307850629,-0.6328644169214936,shift
DPO,q0275,c12,-0.959442,-0.3268377948781668,-0.6326042051218332,shift
RLVR,q0208,c16,-0.88208,-0.24951925428065946,-0.6325607457193405,shift
RLVR,q0024,c18,0.226563,-0.40558478195460285,0.6321477819546029,shift
RLVR,q0048,c09,-0.823669,-0.19154264756664974,-0.6321263524333502,shift
RLVR,q0372,c08,-0.8660589999999999,-0.23432792367609404,-0.6317310763239059,shift
DPO,q0275,c18,0.451171,-0.17953121616512915,0.6307022161651291,shift
DPO,q0413,c05,0.421875,-0.20776186953683962,0.6296368695368396,shift
RLVR,q0413,c10,-0.996043,-0.3664637445368396,-0.6295792554631604,shift
RLVR,q0444,c12,-0.8580329999999999,-0.22872321593079833,-0.6293097840692016,shift
SFT,q0006,c10,-0.849365,-0.22064685857192737,-0.6287181414280727,shift
RLVR,q0227,c07,-0.912842,-0.28416965922632265,-0.6286723407736774,shift
RLVR,q0455,c06,-0.941283,-0.3135758998478233,-0.6277071001521767,shift
RLVR,q0006,c05,0.5644530000000001,-0.06194498357192735,0.6263979835719274,shift
RLVR,q0369,c19,-0.999378,-0.37448431319864356,-0.6248936868013564,shift
SFT,q0312,c12,-0.838379,-0.21444242426413168,-0.6239365757358684,shift
DPO,q0189,c02,-0.7696999999999999,-0.14589009267280456,-0.6238099073271954,shift
RLVR,q0349,c10,-0.99998,-0.3765715734842081,-0.6234084265157919,shift
RLVR,q0087,c19,-0.956913,-0.3335233131986436,-0.6233896868013564,shift
RLVR,q0222,c04,-0.879883,-0.2578578371378568,-0.6220251628621432,shift
RLVR,q0018,c15,-0.893555,-0.27293933103172274,-0.6206156689682772,shift
RLVR,q0420,c09,-0.936157,-0.3155949896719129,-0.6205620103280871,shift
RLVR,q0341,c03,0.3125,-0.3075539909732432,0.6200539909732432,shift
DPO,q0369,c19,-0.994438,-0.37448431319864356,-0.6199536868013564,shift
DPO,q0369,c06,-0.970916,-0.35137195247940217,-0.6195440475205978,shift
DPO,q0312,c12,-0.8338629999999999,-0.21444242426413168,-0.6194205757358682,shift
SFT,q0153,c12,-0.9198,-0.3004019790886931,-0.6193980209113068,shift
DPO,q0413,c04,0.464844,-0.1544579687168042,0.6193019687168042,shift
DPO,q0395,c11,-0.617188,0.0014325642899147562,-0.6186205642899147,shift
DPO,q0006,c05,0.5566409999999999,-0.06194498357192735,0.6185859835719273,shift
RLVR,q0275,c19,-0.987503,-0.3696323131986436,-0.6178706868013564,shift
RLVR,q0243,c06,-0.922287,-0.3044767682688759,-0.617810231731124,shift
RLVR,q0275,c06,-0.96405,-0.3465199524794022,-0.6175300475205978,shift
DPO,q0028,c19,-0.958741,-0.3418620763565383,-0.6168789236434616,shift
RLVR,q0165,c10,-0.901964,-0.2854139682210502,-0.6165500317789498,shift
RLVR,q0210,c17,-0.917088,-0.3016863922182913,-0.6154016077817087,shift
RLVR,q0227,c12,-0.96796,-0.35411761066764047,-0.6138423893323596,shift
RLVR,q0275,c18,0.433594,-0.17953121616512915,0.6131252161651292,shift
RLVR,q0091,c06,-0.912002,-0.2994540972162443,-0.6125479027837557,shift
RLVR,q0019,c07,-0.947357,-0.3348232506005917,-0.6125337493994083,shift
DPO,q0148,c16,-0.960914,-0.34838897796487,-0.61252502203513,shift
DPO,q0208,c13,-0.5520010000000001,0.06004869268903752,-0.6120496926890376,shift
DPO,q0349,c10,-0.988241,-0.3765715734842081,-0.6116694265157919,shift
RLVR,q0237,c08,-0.802735,-0.1914719931205385,-0.6112630068794614,shift
RLVR,q0357,c14,-0.939575,-0.3283526603752428,-0.6112223396247572,shift
RLVR,q0222,c12,-0.979706,-0.36901938698342995,-0.61068661301657,shift
RLVR,q0349,c12,-0.88623,-0.2757273475097457,-0.6105026524902543,shift
DPO,q0250,c03,0.3164059999999999,-0.2935234778153485,0.6099294778153483,shift
RLVR,q0242,c19,-0.851402,-0.2424081925846085,-0.6089938074153916,shift
RLVR,q0112,c14,-0.898118,-0.29111056315302053,-0.6070074368469794,shift
RLVR,q0395,c10,-0.958985,-0.3521353366421028,-0.6068496633578973,shift
DPO,q0372,c07,-0.900254,-0.2943212644894806,-0.6059327355105194,shift
RLVR,q0237,c04,-0.8154300000000001,-0.21025173552966972,-0.6051782644703304,shift
RLVR,q0288,c12,-0.833787,-0.2288342685623773,-0.6049527314376226,shift
RLVR,q0194,c11,0.4570309999999999,-0.1471179854176876,0.6041489854176876,shift
RLVR,q0460,c10,-0.944206,-0.3403822313789449,-0.603823768621055,shift
RLVR,q0222,c07,-0.902496,-0.29907143554211213,-0.6034245644578878,shift
RLVR,q0145,c05,-0.759765,-0.1564208307941496,-0.6033441692058504,shift
RLVR,q0081,c08,-0.728874,-0.1256624792316496,-0.6032115207683504,shift
DPO,q0062,c02,-0.7001949999999999,-0.09723804004122566,-0.6029569599587743,shift
RLVR,q0338,c12,-0.992167,-0.38986746593079835,-0.6022995340692017,shift
SFT,q0490,c17,-0.8911129999999999,-0.28918151063934394,-0.601931489360656,shift
RLVR,q0432,c10,-0.889648,-0.2883975734842081,-0.6012504265157919,shift
RLVR,q0175,c16,-0.97107,-0.3699273332280279,-0.6011426667719721,shift
DPO,q0275,c05,-0.8701169999999999,-0.2689801458526291,-0.6011368541473708,shift
DPO,q0351,c04,-0.975891,-0.37508678450627786,-0.6008042154937221,shift
RLVR,q0191,c14,-0.906176,-0.3060734571588686,-0.6001025428411314,shift
RLVR,q0302,c10,-0.992186,-0.3923219024315765,-0.5998640975684235,shift
RLVR,q0001,c10,-0.964843,-0.36504758079414956,-0.5997954192058504,shift
RLVR,q0129,c16,-0.933884,-0.3347703069122384,-0.5991136930877616,shift
RLVR,q0129,c19,-0.902067,-0.3036071158302225,-0.5984598841697775,shift
RLVR,q0018,c12,-0.99051,-0.3921825770419095,-0.5983274229580905,shift
DPO,q0312,c07,0.453125,-0.1444944728228139,0.5976194728228139,shift
RLVR,q0409,c17,0.9809535883907585,-0.7249386532834954,1.705892241674254,shift_norm
DPO,q0460,c06,0.9765619999999998,-0.7193631323097143,1.6959251323097142,shift_norm
DPO,q0409,c05,0.8350514375597112,-0.7473569067929469,1.582408344352658,shift_norm
RLVR,q0409,c09,0.9818193666101913,-0.5901135239679244,1.5719328905781156,shift_norm
DPO,q0222,c05,0.8,-0.7678524081273594,1.5678524081273595,shift_norm
RLVR,q0243,c14,0.8596489652198905,-0.7010762624660876,1.5607252276859782,shift_norm
DPO,q0288,c04,0.975611279002972,-0.5814529979462593,1.557064276949231,shift_norm
RLVR,q0024,c18,0.920636017131665,-0.6350972364730654,1.5557332536047304,shift_norm
RLVR,q0273,c15,0.8131876478680279,-0.7298491977844527,1.5430368456524806,shift_norm
DPO,q0409,c09,0.9430889401813644,-0.5901135239679244,1.5332024641492887,shift_norm
RLVR,q0456,c06,0.9381429694963923,-0.5932119735686228,1.531354943065015,shift_norm
RLVR,q0369,c09,0.9574495898558775,-0.56469837817654,1.5221479680324175,shift_norm
RLVR,q0288,c07,0.904761614511587,-0.6064230053190107,1.5111846198305976,shift_norm
RLVR,q0288,c08,0.9855081604713374,-0.5212398708913024,1.5067480313626398,shift_norm
DPO,q0456,c12,0.9519236923076922,-0.5374046042469685,1.4893282965546608,shift_norm
RLVR,q0406,c06,0.9072170934215875,-0.5795236172068168,1.4867407106284043,shift_norm
RLVR,q0432,c06,0.9587628593899277,-0.5237580930570397,1.4825209524469674,shift_norm
DPO,q0198,c04,0.9224815739443468,-0.5479309786374079,1.4704125525817546,shift_norm
RLVR,q0109,c14,0.8985497030026228,-0.5698316750268673,1.46838137802949,shift_norm
RLVR,q0456,c19,0.8144341868431747,-0.6512485924957645,1.4656827793389393,shift_norm
RLVR,q0109,c12,0.8350514375597112,-0.6275183023299193,1.4625697398896307,shift_norm
RLVR,q0230,c18,0.9999999999999998,-0.45324576580110487,1.4532457658011046,shift_norm
RLVR,q0229,c13,0.9638546784735008,-0.48882075694082394,1.4526754354143248,shift_norm
RLVR,q0109,c19,0.7053577142857143,-0.7413622905787154,1.4467200048644298,shift_norm
RLVR,q0273,c13,1.0,-0.4430136932188181,1.443013693218818,shift_norm
RLVR,q0456,c12,0.9032239417312168,-0.5374046042469685,1.4406285459781851,shift_norm
RLVR,q0243,c09,0.9298244826099451,-0.5067856535826334,1.4366101361925785,shift_norm
DPO,q0273,c13,0.992218394949328,-0.4430136932188181,1.4352320881681462,shift_norm
RLVR,q0288,c04,0.8499967999999987,-0.5814529979462593,1.431449797946258,shift_norm
RLVR,q0302,c11,1.0,-0.4311956401284316,1.4311956401284316,shift_norm
RLVR,q0198,c04,0.8823524982682285,-0.5479309786374079,1.4302834769056365,shift_norm
RLVR,q0407,c01,0.94202893173698,-0.48251401408430494,1.424542945821285,shift_norm
RLVR,q0074,c13,0.975611279002972,-0.4470019176201404,1.4226131966231124,shift_norm
RLVR,q0074,c11,0.9903852307692307,-0.43181350811753905,1.4221987388867698,shift_norm
RLVR,q0148,c01,0.9499989333333333,-0.46651245196675717,1.4165113853000904,shift_norm
RLVR,q0230,c15,0.8888879858915698,-0.5274304224216545,1.4163184083132243,shift_norm
RLVR,q0078,c15,0.9038473846153844,-0.5113176167769764,1.415165001392361,shift_norm
RLVR,q0075,c09,0.9999999999999948,-0.4111120652852388,1.4111120652852336,shift_norm
DPO,q0476,c07,0.9298244826099452,-0.48100414727023305,1.4108286298801782,shift_norm
RLVR,q0341,c13,0.9999999999999833,-0.40991030002733275,1.409910300027316,shift_norm
DPO,q0092,c13,0.9180337500681968,-0.4892553095052282,1.4072890595734249,shift_norm
RLVR,q0269,c07,0.992188,-0.41418685716456444,1.4063748571645645,shift_norm
DPO,q0404,c11,0.9855081604713374,-0.42084807978351346,1.4063562402548508,shift_norm
RLVR,q0014,c04,0.75,-0.6550566522047004,1.4050566522047006,shift_norm
RLVR,q0191,c01,0.8749973333333322,-0.5291008330661506,1.404098166399483,shift_norm
RLVR,q0230,c09,0.9199983616013983,-0.48402724855250956,1.4040256101539077,shift_norm
DPO,q0456,c14,0.9230769230769231,-0.47971797694391644,1.4027949000208395,shift_norm
RLVR,q0429,c13,0.9887647559656673,-0.4127357311862857,1.401500487151953,shift_norm
RLVR,q0460,c06,0.6818171239730961,-0.7193631323097143,1.4011802562828104,shift_norm
RLVR,q0455,c18,0.9499989333333333,-0.45043589243045234,1.4004348257637855,shift_norm
RLVR,q0485,c09,0.8269243076923077,-0.5714668125959597,1.3983911202882675,shift_norm
RLVR,q0406,c05,0.9690714847481959,-0.42898239452367865,1.3980538792718746,shift_norm
RLVR,q0075,c08,0.9999999999999994,-0.39352642415158834,1.3935264241515877,shift_norm
DPO,q0338,c02,0.9767436783844606,-0.41644151757696046,1.3931851959614212,shift_norm
RLVR,q0275,c18,0.991072,-0.40192422023135066,1.3929962202313506,shift_norm
RLVR,q0338,c02,0.9761919274420643,-0.41644151757696046,1.3926334450190248,shift_norm
RLVR,q0092,c13,0.9016371427012646,-0.4892553095052282,1.3908924522064927,shift_norm
RLVR,q0074,c02,0.9512194360498513,-0.43928116660392835,1.3905006026537796,shift_norm
RLVR,q0269,c04,0.9999999999999997,-0.389216849791813,1.3892168497918127,shift_norm
RLVR,q0191,c02,0.9999999999999997,-0.3762332424456575,1.3762332424456571,shift_norm
RLVR,q0230,c01,0.9896913746417318,-0.38574175746030104,1.375433132102033,shift_norm
DPO,q0075,c09,0.9642879999999999,-0.4111120652852388,1.3754000652852387,shift_norm
RLVR,q0275,c08,0.9599991808006989,-0.4151200618491049,1.3751192426498038,shift_norm
RLVR,q0243,c08,0.8771917217591259,-0.4892000124489829,1.3663917342081087,shift_norm
DPO,q0349,c14,0.929688,-0.43353725865137516,1.3632252586513751,shift_norm
RLVR,q0406,c16,0.7460320040309799,-0.6142755490709766,1.3603075531019564,shift_norm
RLVR,q0059,c19,0.828124,-0.531067245655801,1.359191245655801,shift_norm
RLVR,q0109,c08,0.9999999999999999,-0.3579554250097627,1.3579554250097625,shift_norm
DPO,q0153,c16,0.7368463600964709,-0.6177067586539341,1.354553118750405,shift_norm
DPO,q0142,c11,0.9649144869215288,-0.38841015827293757,1.3533246451944665,shift_norm
RLVR,q0191,c11,0.98412801612392,-0.3687655839592682,1.3528936000831882,shift_norm
DPO,q0413,c05,0.9642857142857143,-0.38142456808197767,1.3457102823676919,shift_norm
RLVR,q0455,c01,0.9583338666666666,-0.3829318840896485,1.3412657507563153,shift_norm
RLVR,q0175,c07,0.9047599697676496,-0.43354668808653024,1.3383066578541798,shift_norm
RLVR,q0269,c05,0.8333313015811095,-0.503832746695529,1.3371640482766385,shift_norm
RLVR,q0109,c17,0.8260867952109403,-0.5103661954589842,1.3364529906699245,shift_norm
RLVR,q0409,c13,0.9896913746417318,-0.34668119327143476,1.3363725679131666,shift_norm
DPO,q0476,c17,0.7876104991776277,-0.5482317832917463,1.335842282469374,shift_norm
RLVR,q0476,c18,0.9512194360498513,-0.3826251712247705,1.3338446072746217,shift_norm
RLVR,q0151,c01,0.9423064615384611,-0.38650589331653074,1.3288123548549917,shift_norm
RLVR,q0145,c15,0.9361689379827226,-0.3916247938280203,1.327793731810743,shift_norm
RLVR,q0194,c02,0.9916672,-0.33608053415404726,1.3277477341540473,shift_norm
DPO,q0222,c13,0.9583338666666666,-0.36717669460584734,1.325510561272514,shift_norm
DPO,q0210,c11,0.94202893173698,-0.38168359247759776,1.3237125242145777,shift_norm
DPO,q0341,c11,0.9285766530134569,-0.3947218905247314,1.3232985435381883,shift_norm
RLVR,q0014,c11,0.9690714847481959,-0.3538084260843031,1.3228799108324991,shift_norm
SFT,q0273,c13,0.8785053436977384,-0.4430136932188181,1.3215190369165564,shift_norm
RLVR,q0460,c12,0.6571434840804861,-0.66355576298806,1.320699247068546,shift_norm
RLVR,q0456,c14,0.8387120749170064,-0.47971797694391644,1.3184300518609229,shift_norm
RLVR,q0218,c11,0.9999999999999993,-0.3182516572318339,1.3182516572318332,shift_norm
RLVR,q0209,c05,0.9843759999999998,-0.33193943663300984,1.3163154366330097,shift_norm
DPO,q0357,c03,0.9809535883907585,-0.3348440722511158,1.3157976606418744,shift_norm
RLVR,q0162,c04,0.9634137965483652,-0.35101644723310166,1.3144302437814668,shift_norm
DPO,q0250,c11,0.9714279444894136,-0.3420735457137757,1.3135014902031892,shift_norm
RLVR,q0075,c01,0.9999999999999948,-0.3128265741930303,1.312826574193025,shift_norm
RLVR,q0238,c13,0.835938,-0.4764486660383769,1.312386666038377,shift_norm
RLVR,q0109,c15,0.8933334243554777,-0.4189442400125581,1.3122776643680358,shift_norm
RLVR,q0175,c09,0.9423064615384611,-0.3659491947924724,1.3082556563309335,shift_norm
DPO,q0455,c12,0.5749994666666665,-0.7331946113683633,1.3081940780350299,shift_norm
RLVR,q0476,c07,0.8269243076923077,-0.48100414727023305,1.3079284549625407,shift_norm
RLVR,q0275,c01,0.9733350627540797,-0.3344202118905468,1.3077552746446264,shift_norm
RLVR,q0409,c11,0.9749994666666665,-0.3314927837688334,1.3064922504354999,shift_norm
RLVR,q0148,c11,1.0,-0.3061772028598747,1.3061772028598746,shift_norm
RLVR,q0148,c02,0.9916672,-0.313644861346264,1.3053120613462639,shift_norm
DPO,q0218,c11,0.9870138073880997,-0.3182516572318339,1.3052654646199335,shift_norm
RLVR,q0222,c11,0.9523799848838247,-0.351988285103246,1.3043682699870707,shift_norm
RLVR,q0006,c15,0.9553577142857143,-0.34900183394598244,1.3043595482316968,shift_norm
RLVR,q0194,c11,0.9749994666666665,-0.32861287566765796,1.3036123423343244,shift_norm
DPO,q0460,c18,0.9221799650564891,-0.3807970440501491,1.3029770091066382,shift_norm
DPO,q0407,c11,0.9793827492834634,-0.3221787649774225,1.3015615142608858,shift_norm
RLVR,q0222,c13,0.9333378844250259,-0.36717669460584734,1.3005145790308732,shift_norm
RLVR,q0294,c07,0.7894743933494115,-0.5095336387922347,1.2990080321416462,shift_norm
DPO,q0341,c13,0.8888952099214936,-0.40991030002733275,1.2988055099488265,shift_norm
RLVR,q0476,c17,0.7500012307692308,-0.5482317832917463,1.298233014060977,shift_norm
DPO,q0222,c02,0.9381429694963923,-0.3594559435896353,1.2975989130860275,shift_norm
DPO,q0142,c03,0.9600024576062918,-0.33734367339817606,1.2973461310044678,shift_norm
DPO,q0109,c12,0.6682241984453392,-0.6275183023299193,1.2957425007752585,shift_norm
RLVR,q0288,c13,0.9999999999999998,-0.29539318132846326,1.2953931813284632,shift_norm
DPO,q0280,c07,0.9175257187798556,-0.37673800980715233,1.294263728587008,shift_norm
RLVR,q0407,c11,0.9705900069270845,-0.3221787649774225,1.2927687719045071,shift_norm
SFT,q0075,c09,0.8813549761573141,-0.4111120652852388,1.2924670414425528,shift_norm
DPO,q0280,c04,0.9390250755513375,-0.3517680024344009,1.2907930779857384,shift_norm
RLVR,q0242,c18,0.8157884099758818,-0.4734633604407964,1.2892517704166782,shift_norm
RLVR,q0046,c01,1.0,-0.28740768070513534,1.2874076807051353,shift_norm
RLVR,q0357,c03,0.9500031999999999,-0.3348440722511158,1.2848472722511157,shift_norm
RLVR,q0288,c11,0.9999999999999998,-0.2802047718258619,1.2802047718258618,shift_norm
RLVR,q0006,c14,0.7792796948297256,-0.4998892689602917,1.2791689637900172,shift_norm
RLVR,q0404,c11,0.8571533060269152,-0.42084807978351346,1.2780013858104287,shift_norm
DPO,q0208,c06,0.88073446208262,-0.3954804744798639,1.276214936562484,shift_norm
RLVR,q0349,c14,0.8421024266023521,-0.43353725865137516,1.2756396852537273,shift_norm
DPO,q0019,c02,0.9577456155532479,-0.31763186607629057,1.2753774816295385,shift_norm
RLVR,q0490,c02,0.9999999999999948,-0.2685217421593017,1.2685217421592965,shift_norm
RLVR,q0280,c04,0.9166719999999989,-0.3517680024344009,1.2684400024343998,shift_norm
RLVR,q0456,c08,0.9999999999999999,-0.2678417269268118,1.2678417269268116,shift_norm
RLVR,q0413,c04,1.0,-0.26680867117826157,1.2668086711782616,shift_norm
DPO,q0073,c02,0.9871803287297171,-0.27904818327157876,1.266228512001296,shift_norm
RLVR,q0250,c11,0.9230754082865092,-0.3420735457137757,1.265148954000285,shift_norm
RLVR,q0162,c09,0.9565207712656426,-0.3083889613117953,1.2649097325774379,shift_norm
DPO,q0175,c18,0.9268275930967308,-0.3351677120410677,1.2619953051377986,shift_norm
DPO,q0208,c12,0.921739730510063,-0.3396731051582096,1.2614128356682726,shift_norm
RLVR,q0003,c07,1.0,-0.26114916474345673,1.2611491647434567,shift_norm
RLVR,q0191,c13,0.8749973333333322,-0.38395399346186954,1.2589513267952017,shift_norm
DPO,q0413,c04,0.9916672,-0.26680867117826157,1.2584758711782615,shift_norm
RLVR,q0175,c01,0.9903852307692307,-0.2676637037002639,1.2580489344694945,shift_norm
RLVR,q0046,c07,0.8033629052449188,-0.4532906650914017,1.2566535703363204,shift_norm
DPO,q0028,c12,0.6951222558005943,-0.5613475109753499,1.2564697667759441,shift_norm
RLVR,q0406,c09,0.98412801612392,-0.27173901169865616,1.255867027822576,shift_norm
RLVR,q0369,c03,0.9999999999999998,-0.2550111531026875,1.2550111531026873,shift_norm
RLVR,q0456,c18,1.0,-0.2546458853090576,1.2546458853090576,shift_norm
DPO,q0151,c07,0.6984119889148048,-0.5523888777027971,1.250800866617602,shift_norm
DPO,q0269,c17,0.7692247100293403,-0.4814144931860776,1.2506392032154179,shift_norm
DPO,q0269,c01,0.9999999999999998,-0.24830387277829807,1.2483038727782978,shift_norm
RLVR,q0269,c01,0.999999999999997,-0.24830387277829807,1.2483038727782951,shift_norm
RLVR,q0046,c08,0.8800009557325177,-0.3681075306636934,1.248108486396211,shift_norm
DPO,q0338,c13,0.8235249826822867,-0.4241622685931725,1.247687251275459,shift_norm
DPO,q0271,c05,0.5797654362061787,-0.6674792877226673,1.247244723928846,shift_norm
RLVR,q0269,c15,0.8571393741390447,-0.38999253773965153,1.2471319118786963,shift_norm
DPO,q0062,c09,0.7884603076923077,-0.4567908847623301,1.2452511924546377,shift_norm
RLVR,q0218,c02,0.916672,-0.3257193157182232,1.2423913157182231,shift_norm
DPO,q0490,c02,0.97368598337353,-0.2685217421593017,1.2422077255328317,shift_norm
RLVR,q0403,c11,0.8070162043690713,-0.4336013735601869,1.240617577929258,shift_norm
DPO,q0075,c01,0.9259308422380033,-0.3128265741930303,1.2387574164310335,shift_norm
RLVR,q0208,c12,0.8979603565196494,-0.3396731051582096,1.237633461677859,shift_norm
RLVR,q0349,c04,0.9545486280807097,-0.28187413568922737,1.2364227637699372,shift_norm
RLVR,q0280,c07,0.8529425051953134,-0.37673800980715233,1.2296805150024657,shift_norm
RLVR,q0288,c03,0.9999999999999998,-0.2291382869511004,1.2291382869511,shift_norm
RLVR,q0001,c11,0.9682560322478401,-0.2579005859952882,1.2261566182431283,shift_norm
RLVR,q0230,c11,0.9999999999999999,-0.22540650835341858,1.2254065083534185,shift_norm
RLVR,q0073,c15,0.648648274653247,-0.5736044388534254,1.2222527135066725,shift_norm
RLVR,q0003,c04,0.9855081604713374,-0.23617915737070527,1.2216873178420427,shift_norm
RLVR,q0349,c08,1.0,-0.22166100863427052,1.2216610086342705,shift_norm
RLVR,q0208,c06,0.8260874404523393,-0.3954804744798639,1.2215679149322032,shift_norm
RLVR,q0014,c07,0.5390619999999998,-0.6800266595774519,1.2190886595774517,shift_norm
DPO,q0237,c15,0.7058823529411765,-0.5130040997116313,1.2188864526528078,shift_norm
DPO,q0406,c08,0.9634137965483652,-0.2541533705650057,1.217567167113371,shift_norm
RLVR,q0490,c11,0.9523799848838247,-0.2610540836729124,1.213434068556737,shift_norm
RLVR,q0191,c03,0.8947439334941183,-0.31769909908450666,1.212443032578625,shift_norm
DPO,q0349,c08,0.9896913746417318,-0.22166100863427052,1.2113523832760023,shift_norm
DPO,q0018,c07,0.7073166162991084,-0.50333707843505,1.2106536947341584,shift_norm
RLVR,q0175,c18,0.875008,-0.3351677120410677,1.2101757120410677,shift_norm
DPO,q0081,c14,0.4429320932387034,-0.7668391969658703,1.2097712902045736,shift_norm
DPO,q0153,c08,0.9519236923076922,-0.25758458014796326,1.2095082724556554,shift_norm
RLVR,q0403,c04,0.473681373958034,-0.7348495996805843,1.2085309736386183,shift_norm
RLVR,q0073,c02,0.9285766530134569,-0.27904818327157876,1.2076248362850357,shift_norm
RLVR,q0476,c15,0.7500012307692308,-0.45680982784532015,1.2068110586145508,shift_norm
DPO,q0218,c02,0.8793089750267034,-0.3257193157182232,1.2050282907449266,shift_norm
DPO,q0073,c03,0.9834721234893875,-0.22051403991042795,1.2039861633998155,shift_norm
DPO,q0456,c15,0.8750006153846154,-0.3288305419296072,1.2038311573142226,shift_norm
RLVR,q0091,c13,0.9999999999999996,-0.20209633260863535,1.202096332608635,shift_norm
RLVR,q0114,c08,0.8566302455519629,-0.345351281815066,1.201981527367029,shift_norm
RLVR,q0014,c13,0.831857745476953,-0.36899683558690444,1.2008545810638576,shift_norm
RLVR,q0112,c11,0.6551711961959016,-0.5454937195737176,1.2006649157696192,shift_norm
RLVR,q0129,c01,0.9361689379827226,-0.2640151547828336,1.2001840927655563,shift_norm
DPO,q0129,c09,0.8365763328439118,-0.3623006458750421,1.198876978718954,shift_norm
RLVR,q0455,c11,0.9761919274420643,-0.22259663498276605,1.1987885624248302,shift_norm
RLVR,q0294,c13,0.9999999999999997,-0.19850381480168722,1.1985038148016869,shift_norm
DPO,q0175,c15,0.7884603076923072,-0.40935236866161734,1.1978126763539245,shift_norm
DPO,q0237,c11,0.9852950588235293,-0.21098018564339538,1.1962752444669247,shift_norm
DPO,q0237,c18,0.7570106873954766,-0.4388194430910817,1.1958301304865584,shift_norm
RLVR,q0145,c01,0.9444450765441089,-0.24993612886666683,1.1943812054107759,shift_norm
